기업명,공고링크
현대자동차㈜,https://www.jobkorea.co.kr/Recruit/GI_Read/45133743?Oem_Code=C1&logpath=1&stext=머신러닝엔지니어&listno=1
㈜아이엠뱅크,https://www.jobkorea.co.kr/Recruit/GI_Read/45286148?Oem_Code=C1&logpath=1&stext=머신러닝엔지니어&listno=2
㈜세종교육,https://www.jobkorea.co.kr/Recruit/GI_Read/45317131?Oem_Code=C1&logpath=1&stext=머신러닝엔지니어&listno=3
GS리테일,https://www.jobkorea.co.kr/Recruit/GI_Read/45323537?Oem_Code=C1&logpath=1&stext=머신러닝엔지니어&listno=4
(주)우아한형제들,https://www.jobkorea.co.kr/Recruit/GI_Read/45324861?Oem_Code=C1&logpath=1&stext=머신러닝엔지니어&listno=5
휴먼교육센터,https://www.jobkorea.co.kr/Recruit/GI_Read/45341120?Oem_Code=C1&logpath=1&stext=머신러닝엔지니어&listno=6
SK매직,https://www.jobkorea.co.kr/Recruit/GI_Read/45343450?Oem_Code=C1&logpath=1&stext=머신러닝엔지니어&listno=7
㈜하이미디어아카데미,https://www.jobkorea.co.kr/Recruit/GI_Read/45349095?Oem_Code=C1&logpath=1&stext=머신러닝엔지니어&listno=8
라이나생명보험,https://www.jobkorea.co.kr/Recruit/GI_Read/45341578?Oem_Code=C1&logpath=1&stext=머신러닝엔지니어&listno=9
캐낸다,https://www.jobkorea.co.kr/Recruit/GI_Read/45258002?Oem_Code=C1&logpath=1&stext=머신러닝엔지니어&listno=10
㈜에이아이노미스,https://www.jobkorea.co.kr/Recruit/GI_Read/45248916?Oem_Code=C1&logpath=1&stext=머신러닝엔지니어&listno=11
브이젠㈜,https://www.jobkorea.co.kr/Recruit/GI_Read/45079040?Oem_Code=C1&logpath=1&stext=머신러닝엔지니어&listno=12
메디웨일,https://www.jobkorea.co.kr/Recruit/GI_Read/45019835?Oem_Code=C1&logpath=1&stext=머신러닝엔지니어&listno=13
㈜써로마인드,https://www.jobkorea.co.kr/Recruit/GI_Read/45103196?Oem_Code=C1&logpath=1&stext=머신러닝엔지니어&listno=14
에스씨301의원,https://www.jobkorea.co.kr/Recruit/GI_Read/45250536?Oem_Code=C1&logpath=1&stext=머신러닝엔지니어&listno=15
딥브레인 AI,https://www.jobkorea.co.kr/Recruit/GI_Read/45237972?Oem_Code=C1&logpath=1&stext=머신러닝엔지니어&listno=16
스마트비전,https://www.jobkorea.co.kr/Recruit/GI_Read/45321846?Oem_Code=C1&logpath=1&stext=머신러닝엔지니어&listno=17
로지스올그룹,https://www.jobkorea.co.kr/Recruit/GI_Read/45261808?Oem_Code=C1&logpath=1&stext=머신러닝엔지니어&listno=18
현대건설,https://www.jobkorea.co.kr/Recruit/GI_Read/45259389?Oem_Code=C1&logpath=1&stext=머신러닝엔지니어&listno=19
한국ICT인재개발원,https://www.jobkorea.co.kr/Recruit/GI_Read/45262297?Oem_Code=C1&logpath=1&stext=머신러닝엔지니어&listno=20
대한상공회의소 서울기술교육센터,https://www.jobkorea.co.kr/Recruit/GI_Read/45216360?Oem_Code=C1&logpath=1&stext=머신러닝엔지니어&listno=21
"㈜숲(SOOP CO., LTD.)",https://www.jobkorea.co.kr/Recruit/GI_Read/45332897?Oem_Code=C1&logpath=1&stext=머신러닝엔지니어&listno=22
"㈜숲(SOOP CO., LTD.)",https://www.jobkorea.co.kr/Recruit/GI_Read/45332888?Oem_Code=C1&logpath=1&stext=머신러닝엔지니어&listno=23
㈜넥슨,https://www.jobkorea.co.kr/Recruit/GI_Read/45324277?Oem_Code=C1&logpath=1&stext=머신러닝엔지니어&listno=24
에스디바이오센서㈜,https://www.jobkorea.co.kr/Recruit/GI_Read/45320272?Oem_Code=C1&logpath=1&stext=머신러닝엔지니어&listno=25
베스핀글로벌㈜,https://www.jobkorea.co.kr/Recruit/GI_Read/45311994?Oem_Code=C1&logpath=1&stext=머신러닝엔지니어&listno=26
삼성전자㈜,https://www.jobkorea.co.kr/Recruit/GI_Read/45294401?Oem_Code=C1&logpath=1&stext=머신러닝엔지니어&listno=27
㈜에프앤가이드,https://www.jobkorea.co.kr/Recruit/GI_Read/45270446?Oem_Code=C1&logpath=1&stext=머신러닝엔지니어&listno=28
㈜비아이매트릭스,https://www.jobkorea.co.kr/Recruit/GI_Read/45263642?Oem_Code=C1&logpath=1&stext=머신러닝엔지니어&listno=29
코맥스,https://www.jobkorea.co.kr/Recruit/GI_Read/45263265?Oem_Code=C1&logpath=1&stext=머신러닝엔지니어&listno=30
코맥스,https://www.jobkorea.co.kr/Recruit/GI_Read/45263241?Oem_Code=C1&logpath=1&stext=머신러닝엔지니어&listno=31
코맥스,https://www.jobkorea.co.kr/Recruit/GI_Read/45263220?Oem_Code=C1&logpath=1&stext=머신러닝엔지니어&listno=32
㈜앤씨앤,https://www.jobkorea.co.kr/Recruit/GI_Read/45237512?Oem_Code=C1&logpath=1&stext=머신러닝엔지니어&listno=33
㈜이글루코퍼레이션,https://www.jobkorea.co.kr/Recruit/GI_Read/45244155?Oem_Code=C1&logpath=1&stext=머신러닝엔지니어&listno=34
㈜넥슨,https://www.jobkorea.co.kr/Recruit/GI_Read/45231901?Oem_Code=C1&logpath=1&stext=머신러닝엔지니어&listno=35
디아이티㈜,https://www.jobkorea.co.kr/Recruit/GI_Read/45205618?Oem_Code=C1&logpath=1&stext=머신러닝엔지니어&listno=36
메가존클라우드㈜,https://www.jobkorea.co.kr/Recruit/GI_Read/45184824?Oem_Code=C1&logpath=1&stext=머신러닝엔지니어&listno=37
㈜한화,https://www.jobkorea.co.kr/Recruit/GI_Read/45124299?Oem_Code=C1&logpath=1&stext=머신러닝엔지니어&listno=38
현대오토에버㈜,https://www.jobkorea.co.kr/Recruit/GI_Read/45111801?Oem_Code=C1&logpath=1&stext=머신러닝엔지니어&listno=39
주식회사 위메이드,https://www.jobkorea.co.kr/Recruit/GI_Read/45085095?Oem_Code=C1&logpath=1&stext=머신러닝엔지니어&listno=40
㈜엑스와이지,https://www.jobkorea.co.kr/Recruit/GI_Read/45068235?Oem_Code=C1&logpath=1&stext=머신러닝엔지니어&listno=41
중고나라,https://www.jobkorea.co.kr/Recruit/GI_Read/45007508?Oem_Code=C1&logpath=1&stext=머신러닝엔지니어&listno=42
㈜이씨마이너,https://www.jobkorea.co.kr/Recruit/GI_Read/44932798?Oem_Code=C1&logpath=1&stext=머신러닝엔지니어&listno=43
㈜이씨마이너,https://www.jobkorea.co.kr/Recruit/GI_Read/44932759?Oem_Code=C1&logpath=1&stext=머신러닝엔지니어&listno=44
㈜넥슨,https://www.jobkorea.co.kr/Recruit/GI_Read/44924650?Oem_Code=C1&logpath=1&stext=머신러닝엔지니어&listno=45
씨에이치솔루션㈜,https://www.jobkorea.co.kr/Recruit/GI_Read/45351162?Oem_Code=C1&logpath=1&stext=머신러닝엔지니어&listno=46
메가존클라우드㈜,https://www.jobkorea.co.kr/Recruit/GI_Read/45343262?Oem_Code=C1&logpath=1&stext=머신러닝엔지니어&listno=47
㈜에이유이,https://www.jobkorea.co.kr/Recruit/GI_Read/45339476?Oem_Code=C1&logpath=1&stext=머신러닝엔지니어&listno=48
카카오뱅크,https://www.jobkorea.co.kr/Recruit/GI_Read/45338684?Oem_Code=C1&logpath=1&stext=머신러닝엔지니어&listno=49
㈜마음에이아이,https://www.jobkorea.co.kr/Recruit/GI_Read/45325879?Oem_Code=C1&logpath=1&stext=머신러닝엔지니어&listno=50
㈜DYB최선어학원,https://www.jobkorea.co.kr/Recruit/GI_Read/45325558?Oem_Code=C1&logpath=1&stext=머신러닝엔지니어&listno=51
㈜윕스,https://www.jobkorea.co.kr/Recruit/GI_Read/45320067?Oem_Code=C1&logpath=1&stext=머신러닝엔지니어&listno=52
㈜커넥트웨이브,https://www.jobkorea.co.kr/Recruit/GI_Read/45310355?Oem_Code=C1&logpath=1&stext=머신러닝엔지니어&listno=53
㈜멀티캠퍼스,https://www.jobkorea.co.kr/Recruit/GI_Read/45312670?Oem_Code=C1&logpath=1&stext=머신러닝엔지니어&listno=54
㈜더블다운인터액티브,https://www.jobkorea.co.kr/Recruit/GI_Read/45316295?Oem_Code=C1&logpath=1&stext=머신러닝엔지니어&listno=55
플레이리스트,https://www.jobkorea.co.kr/Recruit/GI_Read/45313236?Oem_Code=C1&logpath=1&stext=머신러닝엔지니어&listno=56
쎄트렉아이,https://www.jobkorea.co.kr/Recruit/GI_Read/45309778?Oem_Code=C1&logpath=1&stext=머신러닝엔지니어&listno=57
㈜넥슨,https://www.jobkorea.co.kr/Recruit/GI_Read/45294081?Oem_Code=C1&logpath=1&stext=머신러닝엔지니어&listno=58
㈜천재교육,https://www.jobkorea.co.kr/Recruit/GI_Read/45293582?Oem_Code=C1&logpath=1&stext=머신러닝엔지니어&listno=59
슈어소프트테크㈜,https://www.jobkorea.co.kr/Recruit/GI_Read/45289230?Oem_Code=C1&logpath=1&stext=머신러닝엔지니어&listno=60
㈜비즈테크아이,https://www.jobkorea.co.kr/Recruit/GI_Read/45284805?Oem_Code=C1&logpath=1&stext=머신러닝엔지니어&listno=61
㈜큐엠씨,https://www.jobkorea.co.kr/Recruit/GI_Read/45282787?Oem_Code=C1&logpath=1&stext=머신러닝엔지니어&listno=62
㈜인콘,https://www.jobkorea.co.kr/Recruit/GI_Read/45279809?Oem_Code=C1&logpath=1&stext=머신러닝엔지니어&listno=63
SK C&C;,https://www.jobkorea.co.kr/Recruit/GI_Read/45279730?Oem_Code=C1&logpath=1&stext=머신러닝엔지니어&listno=64
㈜아이유노글로벌,https://www.jobkorea.co.kr/Recruit/GI_Read/45271242?Oem_Code=C1&logpath=1&stext=머신러닝엔지니어&listno=65
카카오뱅크,https://www.jobkorea.co.kr/Recruit/GI_Read/45270254?Oem_Code=C1&logpath=1&stext=머신러닝엔지니어&listno=66
㈜이스트소프트,https://www.jobkorea.co.kr/Recruit/GI_Read/45261654?Oem_Code=C1&logpath=1&stext=머신러닝엔지니어&listno=67
베스핀글로벌㈜,https://www.jobkorea.co.kr/Recruit/GI_Read/45265432?Oem_Code=C1&logpath=1&stext=머신러닝엔지니어&listno=68
㈜케이디엑스한국데이터거래소,https://www.jobkorea.co.kr/Recruit/GI_Read/45264679?Oem_Code=C1&logpath=1&stext=머신러닝엔지니어&listno=69
㈜비아이매트릭스,https://www.jobkorea.co.kr/Recruit/GI_Read/45263631?Oem_Code=C1&logpath=1&stext=머신러닝엔지니어&listno=70
코맥스,https://www.jobkorea.co.kr/Recruit/GI_Read/45263326?Oem_Code=C1&logpath=1&stext=머신러닝엔지니어&listno=71
코맥스,https://www.jobkorea.co.kr/Recruit/GI_Read/45263316?Oem_Code=C1&logpath=1&stext=머신러닝엔지니어&listno=72
코맥스,https://www.jobkorea.co.kr/Recruit/GI_Read/45263295?Oem_Code=C1&logpath=1&stext=머신러닝엔지니어&listno=73
코맥스,https://www.jobkorea.co.kr/Recruit/GI_Read/45263286?Oem_Code=C1&logpath=1&stext=머신러닝엔지니어&listno=74
코맥스,https://www.jobkorea.co.kr/Recruit/GI_Read/45263274?Oem_Code=C1&logpath=1&stext=머신러닝엔지니어&listno=75
㈜비즈테크아이,https://www.jobkorea.co.kr/Recruit/GI_Read/45261200?Oem_Code=C1&logpath=1&stext=머신러닝엔지니어&listno=76
㈜이스트소프트,https://www.jobkorea.co.kr/Recruit/GI_Read/45259937?Oem_Code=C1&logpath=1&stext=머신러닝엔지니어&listno=77
티유브이 라인란드 코리아㈜,https://www.jobkorea.co.kr/Recruit/GI_Read/45258359?Oem_Code=C1&logpath=1&stext=머신러닝엔지니어&listno=78
㈜트윔,https://www.jobkorea.co.kr/Recruit/GI_Read/45257955?Oem_Code=C1&logpath=1&stext=머신러닝엔지니어&listno=79
㈜헥토이노베이션,https://www.jobkorea.co.kr/Recruit/GI_Read/45210585?Oem_Code=C1&logpath=1&stext=머신러닝엔지니어&listno=80
㈜아이유노글로벌,https://www.jobkorea.co.kr/Recruit/GI_Read/45253897?Oem_Code=C1&logpath=1&stext=머신러닝엔지니어&listno=81
㈜웅진,https://www.jobkorea.co.kr/Recruit/GI_Read/45233831?Oem_Code=C1&logpath=1&stext=머신러닝엔지니어&listno=82
코아텍㈜,https://www.jobkorea.co.kr/Recruit/GI_Read/45249719?Oem_Code=C1&logpath=1&stext=머신러닝엔지니어&listno=83
㈜웅진,https://www.jobkorea.co.kr/Recruit/GI_Read/45234163?Oem_Code=C1&logpath=1&stext=머신러닝엔지니어&listno=84
엘지유플러스,https://www.jobkorea.co.kr/Recruit/GI_Read/45235846?Oem_Code=C1&logpath=1&stext=머신러닝엔지니어&listno=85
㈜유베이스,https://www.jobkorea.co.kr/Recruit/GI_Read/45220495?Oem_Code=C1&logpath=1&stext=머신러닝엔지니어&listno=86
㈜마음에이아이,https://www.jobkorea.co.kr/Recruit/GI_Read/45221370?Oem_Code=C1&logpath=1&stext=머신러닝엔지니어&listno=87
㈜마음에이아이,https://www.jobkorea.co.kr/Recruit/GI_Read/45221357?Oem_Code=C1&logpath=1&stext=머신러닝엔지니어&listno=88
백금티앤에이,https://www.jobkorea.co.kr/Recruit/GI_Read/45212010?Oem_Code=C1&logpath=1&stext=머신러닝엔지니어&listno=89
㈜제노레이,https://www.jobkorea.co.kr/Recruit/GI_Read/45177229?Oem_Code=C1&logpath=1&stext=머신러닝엔지니어&listno=90
현대오토에버㈜,https://www.jobkorea.co.kr/Recruit/GI_Read/45171044?Oem_Code=C1&logpath=1&stext=머신러닝엔지니어&listno=91
㈜천재교과서,https://www.jobkorea.co.kr/Recruit/GI_Read/45158178?Oem_Code=C1&logpath=1&stext=머신러닝엔지니어&listno=92
㈜플래티어,https://www.jobkorea.co.kr/Recruit/GI_Read/45154585?Oem_Code=C1&logpath=1&stext=머신러닝엔지니어&listno=93
현대오토에버㈜,https://www.jobkorea.co.kr/Recruit/GI_Read/45148535?Oem_Code=C1&logpath=1&stext=머신러닝엔지니어&listno=94
현대오토에버㈜,https://www.jobkorea.co.kr/Recruit/GI_Read/45148227?Oem_Code=C1&logpath=1&stext=머신러닝엔지니어&listno=95
현대오토에버㈜,https://www.jobkorea.co.kr/Recruit/GI_Read/45148683?Oem_Code=C1&logpath=1&stext=머신러닝엔지니어&listno=96
현대오토에버㈜,https://www.jobkorea.co.kr/Recruit/GI_Read/45148812?Oem_Code=C1&logpath=1&stext=머신러닝엔지니어&listno=97
현대오토에버㈜,https://www.jobkorea.co.kr/Recruit/GI_Read/45148941?Oem_Code=C1&logpath=1&stext=머신러닝엔지니어&listno=98
더치트주식회사,https://www.jobkorea.co.kr/Recruit/GI_Read/45146788?Oem_Code=C1&logpath=1&stext=머신러닝엔지니어&listno=99
LG에너지솔루션,https://www.jobkorea.co.kr/Recruit/GI_Read/45124747?Oem_Code=C1&logpath=1&stext=머신러닝엔지니어&listno=100
LG에너지솔루션,https://www.jobkorea.co.kr/Recruit/GI_Read/45124733?Oem_Code=C1&logpath=1&stext=머신러닝엔지니어&listno=101
LG에너지솔루션,https://www.jobkorea.co.kr/Recruit/GI_Read/45124712?Oem_Code=C1&logpath=1&stext=머신러닝엔지니어&listno=102
LG에너지솔루션,https://www.jobkorea.co.kr/Recruit/GI_Read/45124702?Oem_Code=C1&logpath=1&stext=머신러닝엔지니어&listno=103
LG에너지솔루션,https://www.jobkorea.co.kr/Recruit/GI_Read/45124688?Oem_Code=C1&logpath=1&stext=머신러닝엔지니어&listno=104
LG에너지솔루션,https://www.jobkorea.co.kr/Recruit/GI_Read/45124677?Oem_Code=C1&logpath=1&stext=머신러닝엔지니어&listno=105
LG에너지솔루션,https://www.jobkorea.co.kr/Recruit/GI_Read/45124657?Oem_Code=C1&logpath=1&stext=머신러닝엔지니어&listno=106
LG에너지솔루션,https://www.jobkorea.co.kr/Recruit/GI_Read/45124627?Oem_Code=C1&logpath=1&stext=머신러닝엔지니어&listno=107
LG에너지솔루션,https://www.jobkorea.co.kr/Recruit/GI_Read/45124620?Oem_Code=C1&logpath=1&stext=머신러닝엔지니어&listno=108
LG에너지솔루션,https://www.jobkorea.co.kr/Recruit/GI_Read/45124578?Oem_Code=C1&logpath=1&stext=머신러닝엔지니어&listno=109
㈜한화,https://www.jobkorea.co.kr/Recruit/GI_Read/45124344?Oem_Code=C1&logpath=1&stext=머신러닝엔지니어&listno=110
엔에이치엔㈜,https://www.jobkorea.co.kr/Recruit/GI_Read/45120932?Oem_Code=C1&logpath=1&stext=머신러닝엔지니어&listno=111
LG에너지솔루션,https://www.jobkorea.co.kr/Recruit/GI_Read/45114678?Oem_Code=C1&logpath=1&stext=머신러닝엔지니어&listno=112
금호전기㈜,https://www.jobkorea.co.kr/Recruit/GI_Read/45074439?Oem_Code=C1&logpath=1&stext=머신러닝엔지니어&listno=113
㈜마음에이아이,https://www.jobkorea.co.kr/Recruit/GI_Read/45054151?Oem_Code=C1&logpath=1&stext=머신러닝엔지니어&listno=114
㈜컴투스,https://www.jobkorea.co.kr/Recruit/GI_Read/45039425?Oem_Code=C1&logpath=1&stext=머신러닝엔지니어&listno=115
㈜컴투스,https://www.jobkorea.co.kr/Recruit/GI_Read/45013277?Oem_Code=C1&logpath=1&stext=머신러닝엔지니어&listno=116
엔에이치엔㈜,https://www.jobkorea.co.kr/Recruit/GI_Read/45008841?Oem_Code=C1&logpath=1&stext=머신러닝엔지니어&listno=117
㈜티맥스소프트,https://www.jobkorea.co.kr/Recruit/GI_Read/45001743?Oem_Code=C1&logpath=1&stext=머신러닝엔지니어&listno=118
한국생산기술연구원,https://www.jobkorea.co.kr/Recruit/GI_Read/44974073?Oem_Code=C1&logpath=1&stext=머신러닝엔지니어&listno=119
원드롭,https://www.jobkorea.co.kr/Recruit/GI_Read/44947072?Oem_Code=C1&logpath=1&stext=머신러닝엔지니어&listno=120
㈜비바리퍼블리카,https://www.jobkorea.co.kr/Recruit/GI_Read/44957375?Oem_Code=C1&logpath=1&stext=머신러닝엔지니어&listno=121
㈜이씨마이너,https://www.jobkorea.co.kr/Recruit/GI_Read/44932789?Oem_Code=C1&logpath=1&stext=머신러닝엔지니어&listno=122
㈜이스트소프트,https://www.jobkorea.co.kr/Recruit/GI_Read/44930951?Oem_Code=C1&logpath=1&stext=머신러닝엔지니어&listno=123
㈜넥슨,https://www.jobkorea.co.kr/Recruit/GI_Read/44924643?Oem_Code=C1&logpath=1&stext=머신러닝엔지니어&listno=124
㈜넥슨,https://www.jobkorea.co.kr/Recruit/GI_Read/44924634?Oem_Code=C1&logpath=1&stext=머신러닝엔지니어&listno=125
잡코리아(유),https://www.jobkorea.co.kr/Recruit/GI_Read/43634159?Oem_Code=C1&logpath=1&stext=머신러닝엔지니어&listno=126
엑소시스템즈,https://www.jobkorea.co.kr/Recruit/GI_Read/45348347?Oem_Code=C1&logpath=1&stext=머신러닝엔지니어&listno=127
퓨렌스㈜,https://www.jobkorea.co.kr/Recruit/GI_Read/45347092?Oem_Code=C1&logpath=1&stext=머신러닝엔지니어&listno=128
㈜에프에스솔루션,https://www.jobkorea.co.kr/Recruit/GI_Read/45346893?Oem_Code=C1&logpath=1&stext=머신러닝엔지니어&listno=129
㈜클라이원트,https://www.jobkorea.co.kr/Recruit/GI_Read/45341361?Oem_Code=C1&logpath=1&stext=머신러닝엔지니어&listno=130
㈜아이엠에스나노텍,https://www.jobkorea.co.kr/Recruit/GI_Read/45343605?Oem_Code=C1&logpath=1&stext=머신러닝엔지니어&listno=131
마크클라우드,https://www.jobkorea.co.kr/Recruit/GI_Read/45340505?Oem_Code=C1&logpath=1&stext=머신러닝엔지니어&listno=132
나이스지니데이타㈜,https://www.jobkorea.co.kr/Recruit/GI_Read/45330671?Oem_Code=C1&logpath=1&stext=머신러닝엔지니어&listno=133
㈜아이알에스소프트코리아,https://www.jobkorea.co.kr/Recruit/GI_Read/45340186?Oem_Code=C1&logpath=1&stext=머신러닝엔지니어&listno=134
라이트비전㈜,https://www.jobkorea.co.kr/Recruit/GI_Read/45339661?Oem_Code=C1&logpath=1&stext=머신러닝엔지니어&listno=135
시큐어포인트,https://www.jobkorea.co.kr/Recruit/GI_Read/45336455?Oem_Code=C1&logpath=1&stext=머신러닝엔지니어&listno=136
휴먼교육센터,https://www.jobkorea.co.kr/Recruit/GI_Read/45335991?Oem_Code=C1&logpath=1&stext=머신러닝엔지니어&listno=137
텔레픽스,https://www.jobkorea.co.kr/Recruit/GI_Read/45334832?Oem_Code=C1&logpath=1&stext=머신러닝엔지니어&listno=138
메타빌드㈜,https://www.jobkorea.co.kr/Recruit/GI_Read/45334518?Oem_Code=C1&logpath=1&stext=머신러닝엔지니어&listno=139
로이드케이,https://www.jobkorea.co.kr/Recruit/GI_Read/45329836?Oem_Code=C1&logpath=1&stext=머신러닝엔지니어&listno=140
㈜포체인스,https://www.jobkorea.co.kr/Recruit/GI_Read/45318888?Oem_Code=C1&logpath=1&stext=머신러닝엔지니어&listno=141
㈜아라종합기술,https://www.jobkorea.co.kr/Recruit/GI_Read/45318360?Oem_Code=C1&logpath=1&stext=머신러닝엔지니어&listno=142
이투스에듀㈜,https://www.jobkorea.co.kr/Recruit/GI_Read/45317686?Oem_Code=C1&logpath=1&stext=머신러닝엔지니어&listno=143
㈜엘엑스세미콘,https://www.jobkorea.co.kr/Recruit/GI_Read/45315455?Oem_Code=C1&logpath=1&stext=머신러닝엔지니어&listno=144
애니모션텍㈜,https://www.jobkorea.co.kr/Recruit/GI_Read/45312791?Oem_Code=C1&logpath=1&stext=머신러닝엔지니어&listno=145
㈜에스엔디에이,https://www.jobkorea.co.kr/Recruit/GI_Read/45312275?Oem_Code=C1&logpath=1&stext=머신러닝엔지니어&listno=146
㈜에스엔디에이,https://www.jobkorea.co.kr/Recruit/GI_Read/45312134?Oem_Code=C1&logpath=1&stext=머신러닝엔지니어&listno=147
㈜ 데이터메이커,https://www.jobkorea.co.kr/Recruit/GI_Read/45311849?Oem_Code=C1&logpath=1&stext=머신러닝엔지니어&listno=148
㈜브랜드콘텐츠,https://www.jobkorea.co.kr/Recruit/GI_Read/45311158?Oem_Code=C1&logpath=1&stext=머신러닝엔지니어&listno=149
㈜비글즈,https://www.jobkorea.co.kr/Recruit/GI_Read/45310146?Oem_Code=C1&logpath=1&stext=머신러닝엔지니어&listno=150
㈜에이치앤엘시스템,https://www.jobkorea.co.kr/Recruit/GI_Read/45310080?Oem_Code=C1&logpath=1&stext=머신러닝엔지니어&listno=151
㈜에이아이포블록체인(AI4 Blo,https://www.jobkorea.co.kr/Recruit/GI_Read/45308260?Oem_Code=C1&logpath=1&stext=머신러닝엔지니어&listno=152
휴먼인포텍,https://www.jobkorea.co.kr/Recruit/GI_Read/45307008?Oem_Code=C1&logpath=1&stext=머신러닝엔지니어&listno=153
㈜바이오에이아이,https://www.jobkorea.co.kr/Recruit/GI_Read/45304410?Oem_Code=C1&logpath=1&stext=머신러닝엔지니어&listno=154
㈜카이미,https://www.jobkorea.co.kr/Recruit/GI_Read/45304184?Oem_Code=C1&logpath=1&stext=머신러닝엔지니어&listno=155
㈜스트라드비젼,https://www.jobkorea.co.kr/Recruit/GI_Read/45302667?Oem_Code=C1&logpath=1&stext=머신러닝엔지니어&listno=156
㈜스트라드비젼,https://www.jobkorea.co.kr/Recruit/GI_Read/45302512?Oem_Code=C1&logpath=1&stext=머신러닝엔지니어&listno=157
㈜탐시스텍,https://www.jobkorea.co.kr/Recruit/GI_Read/45300970?Oem_Code=C1&logpath=1&stext=머신러닝엔지니어&listno=158
㈜메이머스트,https://www.jobkorea.co.kr/Recruit/GI_Read/45300233?Oem_Code=C1&logpath=1&stext=머신러닝엔지니어&listno=159
딥파인,https://www.jobkorea.co.kr/Recruit/GI_Read/45297520?Oem_Code=C1&logpath=1&stext=머신러닝엔지니어&listno=160
다큐브㈜,https://www.jobkorea.co.kr/Recruit/GI_Read/45297301?Oem_Code=C1&logpath=1&stext=머신러닝엔지니어&listno=161
㈜옵트에이아이,https://www.jobkorea.co.kr/Recruit/GI_Read/45296813?Oem_Code=C1&logpath=1&stext=머신러닝엔지니어&listno=162
㈜옵트에이아이,https://www.jobkorea.co.kr/Recruit/GI_Read/45296751?Oem_Code=C1&logpath=1&stext=머신러닝엔지니어&listno=163
㈜옵트에이아이,https://www.jobkorea.co.kr/Recruit/GI_Read/45296661?Oem_Code=C1&logpath=1&stext=머신러닝엔지니어&listno=164
㈜옵트에이아이,https://www.jobkorea.co.kr/Recruit/GI_Read/45296614?Oem_Code=C1&logpath=1&stext=머신러닝엔지니어&listno=165
㈜옵트에이아이,https://www.jobkorea.co.kr/Recruit/GI_Read/45296548?Oem_Code=C1&logpath=1&stext=머신러닝엔지니어&listno=166
㈜옵트에이아이,https://www.jobkorea.co.kr/Recruit/GI_Read/45296521?Oem_Code=C1&logpath=1&stext=머신러닝엔지니어&listno=167
㈜옵트에이아이,https://www.jobkorea.co.kr/Recruit/GI_Read/45296380?Oem_Code=C1&logpath=1&stext=머신러닝엔지니어&listno=168
㈜옵트에이아이,https://www.jobkorea.co.kr/Recruit/GI_Read/45296362?Oem_Code=C1&logpath=1&stext=머신러닝엔지니어&listno=169
㈜바이오에이아이,https://www.jobkorea.co.kr/Recruit/GI_Read/45295753?Oem_Code=C1&logpath=1&stext=머신러닝엔지니어&listno=170
㈜벡터시스,https://www.jobkorea.co.kr/Recruit/GI_Read/45287857?Oem_Code=C1&logpath=1&stext=머신러닝엔지니어&listno=171
키네마스터 주식회사,https://www.jobkorea.co.kr/Recruit/GI_Read/45285653?Oem_Code=C1&logpath=1&stext=머신러닝엔지니어&listno=172
㈜두원전자통신,https://www.jobkorea.co.kr/Recruit/GI_Read/45285920?Oem_Code=C1&logpath=1&stext=머신러닝엔지니어&listno=173
㈜위존 강남사업장,https://www.jobkorea.co.kr/Recruit/GI_Read/45284502?Oem_Code=C1&logpath=1&stext=머신러닝엔지니어&listno=174
㈜위존 강남사업장,https://www.jobkorea.co.kr/Recruit/GI_Read/45284451?Oem_Code=C1&logpath=1&stext=머신러닝엔지니어&listno=175
㈜제이제이앤컴퍼니스,https://www.jobkorea.co.kr/Recruit/GI_Read/45284222?Oem_Code=C1&logpath=1&stext=머신러닝엔지니어&listno=176
페이크아이즈,https://www.jobkorea.co.kr/Recruit/GI_Read/45282961?Oem_Code=C1&logpath=1&stext=머신러닝엔지니어&listno=177
㈜앤에이치씨,https://www.jobkorea.co.kr/Recruit/GI_Read/45279260?Oem_Code=C1&logpath=1&stext=머신러닝엔지니어&listno=178
애니모션텍㈜,https://www.jobkorea.co.kr/Recruit/GI_Read/45278267?Oem_Code=C1&logpath=1&stext=머신러닝엔지니어&listno=179
메이킷올,https://www.jobkorea.co.kr/Recruit/GI_Read/45276026?Oem_Code=C1&logpath=1&stext=머신러닝엔지니어&listno=180
제이피아이 헬스케어㈜,https://www.jobkorea.co.kr/Recruit/GI_Read/45274057?Oem_Code=C1&logpath=1&stext=머신러닝엔지니어&listno=181
㈜온품,https://www.jobkorea.co.kr/Recruit/GI_Read/45268451?Oem_Code=C1&logpath=1&stext=머신러닝엔지니어&listno=182
아이덴티파이㈜,https://www.jobkorea.co.kr/Recruit/GI_Read/45268027?Oem_Code=C1&logpath=1&stext=머신러닝엔지니어&listno=183
㈜핸디비전,https://www.jobkorea.co.kr/Recruit/GI_Read/45266211?Oem_Code=C1&logpath=1&stext=머신러닝엔지니어&listno=184
㈜핸디비전,https://www.jobkorea.co.kr/Recruit/GI_Read/45266208?Oem_Code=C1&logpath=1&stext=머신러닝엔지니어&listno=185
㈜그린텍아이엔씨,https://www.jobkorea.co.kr/Recruit/GI_Read/45265067?Oem_Code=C1&logpath=1&stext=머신러닝엔지니어&listno=186
대신경제연구소,https://www.jobkorea.co.kr/Recruit/GI_Read/45256008?Oem_Code=C1&logpath=1&stext=머신러닝엔지니어&listno=187
㈜트윔,https://www.jobkorea.co.kr/Recruit/GI_Read/45258117?Oem_Code=C1&logpath=1&stext=머신러닝엔지니어&listno=188
㈜트윔,https://www.jobkorea.co.kr/Recruit/GI_Read/45258101?Oem_Code=C1&logpath=1&stext=머신러닝엔지니어&listno=189
㈜트윔,https://www.jobkorea.co.kr/Recruit/GI_Read/45258095?Oem_Code=C1&logpath=1&stext=머신러닝엔지니어&listno=190
㈜쓰리아이,https://www.jobkorea.co.kr/Recruit/GI_Read/45256733?Oem_Code=C1&logpath=1&stext=머신러닝엔지니어&listno=191
㈜에이스웍스코리아,https://www.jobkorea.co.kr/Recruit/GI_Read/45255793?Oem_Code=C1&logpath=1&stext=머신러닝엔지니어&listno=192
올거나이즈코리아㈜,https://www.jobkorea.co.kr/Recruit/GI_Read/45254185?Oem_Code=C1&logpath=1&stext=머신러닝엔지니어&listno=193
㈜포커스블루,https://www.jobkorea.co.kr/Recruit/GI_Read/45252780?Oem_Code=C1&logpath=1&stext=머신러닝엔지니어&listno=194
㈜헤카톤에이아이,https://www.jobkorea.co.kr/Recruit/GI_Read/45205579?Oem_Code=C1&logpath=1&stext=머신러닝엔지니어&listno=195
에너자이,https://www.jobkorea.co.kr/Recruit/GI_Read/45247321?Oem_Code=C1&logpath=1&stext=머신러닝엔지니어&listno=196
㈜펨트론,https://www.jobkorea.co.kr/Recruit/GI_Read/45246553?Oem_Code=C1&logpath=1&stext=머신러닝엔지니어&listno=197
㈜덴컴,https://www.jobkorea.co.kr/Recruit/GI_Read/45245621?Oem_Code=C1&logpath=1&stext=머신러닝엔지니어&listno=198
㈜화이트스캔,https://www.jobkorea.co.kr/Recruit/GI_Read/45244557?Oem_Code=C1&logpath=1&stext=머신러닝엔지니어&listno=199
㈜티디지,https://www.jobkorea.co.kr/Recruit/GI_Read/45242079?Oem_Code=C1&logpath=1&stext=머신러닝엔지니어&listno=200
섬재㈜,https://www.jobkorea.co.kr/Recruit/GI_Read/45239326?Oem_Code=C1&logpath=1&stext=머신러닝엔지니어&listno=201
㈜마인드에이아이,https://www.jobkorea.co.kr/Recruit/GI_Read/45237454?Oem_Code=C1&logpath=1&stext=머신러닝엔지니어&listno=202
㈜마인드에이아이,https://www.jobkorea.co.kr/Recruit/GI_Read/45237449?Oem_Code=C1&logpath=1&stext=머신러닝엔지니어&listno=203
㈜마인드에이아이,https://www.jobkorea.co.kr/Recruit/GI_Read/45237433?Oem_Code=C1&logpath=1&stext=머신러닝엔지니어&listno=204
㈜마인드에이아이,https://www.jobkorea.co.kr/Recruit/GI_Read/45237428?Oem_Code=C1&logpath=1&stext=머신러닝엔지니어&listno=205
㈜마인드에이아이,https://www.jobkorea.co.kr/Recruit/GI_Read/45237410?Oem_Code=C1&logpath=1&stext=머신러닝엔지니어&listno=206
㈜다민로봇,https://www.jobkorea.co.kr/Recruit/GI_Read/45236073?Oem_Code=C1&logpath=1&stext=머신러닝엔지니어&listno=207
에스디티 주식회사,https://www.jobkorea.co.kr/Recruit/GI_Read/45235576?Oem_Code=C1&logpath=1&stext=머신러닝엔지니어&listno=208
㈜슈파스,https://www.jobkorea.co.kr/Recruit/GI_Read/45228965?Oem_Code=C1&logpath=1&stext=머신러닝엔지니어&listno=209
더조은컴퓨터학원,https://www.jobkorea.co.kr/Recruit/GI_Read/45229811?Oem_Code=C1&logpath=1&stext=머신러닝엔지니어&listno=210
서울대학교병원,https://www.jobkorea.co.kr/Recruit/GI_Read/45224568?Oem_Code=C1&logpath=1&stext=머신러닝엔지니어&listno=211
㈜알에스엔,https://www.jobkorea.co.kr/Recruit/GI_Read/45224398?Oem_Code=C1&logpath=1&stext=머신러닝엔지니어&listno=212
㈜인재컴퍼니,https://www.jobkorea.co.kr/Recruit/GI_Read/45224110?Oem_Code=C1&logpath=1&stext=머신러닝엔지니어&listno=213
㈜굿인텔리전스,https://www.jobkorea.co.kr/Recruit/GI_Read/45223925?Oem_Code=C1&logpath=1&stext=머신러닝엔지니어&listno=214
㈜휴비스,https://www.jobkorea.co.kr/Recruit/GI_Read/45223268?Oem_Code=C1&logpath=1&stext=머신러닝엔지니어&listno=215
봄바람,https://www.jobkorea.co.kr/Recruit/GI_Read/45220762?Oem_Code=C1&logpath=1&stext=머신러닝엔지니어&listno=216
㈜엘에이티,https://www.jobkorea.co.kr/Recruit/GI_Read/45216297?Oem_Code=C1&logpath=1&stext=머신러닝엔지니어&listno=217
㈜뷰브레인헬스케어,https://www.jobkorea.co.kr/Recruit/GI_Read/45214632?Oem_Code=C1&logpath=1&stext=머신러닝엔지니어&listno=218
㈜알고그랩,https://www.jobkorea.co.kr/Recruit/GI_Read/45213078?Oem_Code=C1&logpath=1&stext=머신러닝엔지니어&listno=219
(주)퀀타매트릭스,https://www.jobkorea.co.kr/Recruit/GI_Read/45211360?Oem_Code=C1&logpath=1&stext=머신러닝엔지니어&listno=220
㈜시선아이티,https://www.jobkorea.co.kr/Recruit/GI_Read/45209406?Oem_Code=C1&logpath=1&stext=머신러닝엔지니어&listno=221
(주)퀀타매트릭스,https://www.jobkorea.co.kr/Recruit/GI_Read/45207661?Oem_Code=C1&logpath=1&stext=머신러닝엔지니어&listno=222
㈜미니레코드,https://www.jobkorea.co.kr/Recruit/GI_Read/45206158?Oem_Code=C1&logpath=1&stext=머신러닝엔지니어&listno=223
블루닷㈜,https://www.jobkorea.co.kr/Recruit/GI_Read/45202994?Oem_Code=C1&logpath=1&stext=머신러닝엔지니어&listno=224
블루닷㈜,https://www.jobkorea.co.kr/Recruit/GI_Read/45202992?Oem_Code=C1&logpath=1&stext=머신러닝엔지니어&listno=225
블루닷㈜,https://www.jobkorea.co.kr/Recruit/GI_Read/45202967?Oem_Code=C1&logpath=1&stext=머신러닝엔지니어&listno=226
블루닷㈜,https://www.jobkorea.co.kr/Recruit/GI_Read/45202954?Oem_Code=C1&logpath=1&stext=머신러닝엔지니어&listno=227
온오프코리아㈜,https://www.jobkorea.co.kr/Recruit/GI_Read/45204188?Oem_Code=C1&logpath=1&stext=머신러닝엔지니어&listno=228
㈜에이아이네이션,https://www.jobkorea.co.kr/Recruit/GI_Read/45202853?Oem_Code=C1&logpath=1&stext=머신러닝엔지니어&listno=229
㈜그라비티,https://www.jobkorea.co.kr/Recruit/GI_Read/45199327?Oem_Code=C1&logpath=1&stext=머신러닝엔지니어&listno=230
㈜와따에이아이,https://www.jobkorea.co.kr/Recruit/GI_Read/45198908?Oem_Code=C1&logpath=1&stext=머신러닝엔지니어&listno=231
로민,https://www.jobkorea.co.kr/Recruit/GI_Read/45198398?Oem_Code=C1&logpath=1&stext=머신러닝엔지니어&listno=232
로민,https://www.jobkorea.co.kr/Recruit/GI_Read/45198374?Oem_Code=C1&logpath=1&stext=머신러닝엔지니어&listno=233
㈜티라유텍,https://www.jobkorea.co.kr/Recruit/GI_Read/45197801?Oem_Code=C1&logpath=1&stext=머신러닝엔지니어&listno=234
㈜덴컴,https://www.jobkorea.co.kr/Recruit/GI_Read/45197410?Oem_Code=C1&logpath=1&stext=머신러닝엔지니어&listno=235
㈜덴컴,https://www.jobkorea.co.kr/Recruit/GI_Read/45197274?Oem_Code=C1&logpath=1&stext=머신러닝엔지니어&listno=236
㈜엠비즈커뮤니케이션,https://www.jobkorea.co.kr/Recruit/GI_Read/45195092?Oem_Code=C1&logpath=1&stext=머신러닝엔지니어&listno=237
㈜피트릭스,https://www.jobkorea.co.kr/Recruit/GI_Read/45183752?Oem_Code=C1&logpath=1&stext=머신러닝엔지니어&listno=238
㈜글로벌시스템스,https://www.jobkorea.co.kr/Recruit/GI_Read/45193818?Oem_Code=C1&logpath=1&stext=머신러닝엔지니어&listno=239
㈜퍼블릭에이아이,https://www.jobkorea.co.kr/Recruit/GI_Read/45193409?Oem_Code=C1&logpath=1&stext=머신러닝엔지니어&listno=240
아이덴티파이㈜,https://www.jobkorea.co.kr/Recruit/GI_Read/45189922?Oem_Code=C1&logpath=1&stext=머신러닝엔지니어&listno=241
㈜버블콘,https://www.jobkorea.co.kr/Recruit/GI_Read/45184616?Oem_Code=C1&logpath=1&stext=머신러닝엔지니어&listno=242
토르드라이브,https://www.jobkorea.co.kr/Recruit/GI_Read/45182568?Oem_Code=C1&logpath=1&stext=머신러닝엔지니어&listno=243
㈜에이아이네이션,https://www.jobkorea.co.kr/Recruit/GI_Read/45174326?Oem_Code=C1&logpath=1&stext=머신러닝엔지니어&listno=244
테크빌교육㈜,https://www.jobkorea.co.kr/Recruit/GI_Read/45182004?Oem_Code=C1&logpath=1&stext=머신러닝엔지니어&listno=245
슈프리마,https://www.jobkorea.co.kr/Recruit/GI_Read/45154943?Oem_Code=C1&logpath=1&stext=머신러닝엔지니어&listno=246
㈜에어패스,https://www.jobkorea.co.kr/Recruit/GI_Read/45170387?Oem_Code=C1&logpath=1&stext=머신러닝엔지니어&listno=247
엠클라우드브리지㈜,https://www.jobkorea.co.kr/Recruit/GI_Read/45165580?Oem_Code=C1&logpath=1&stext=머신러닝엔지니어&listno=248
㈜미니레코드,https://www.jobkorea.co.kr/Recruit/GI_Read/45163529?Oem_Code=C1&logpath=1&stext=머신러닝엔지니어&listno=249
㈜유니아이,https://www.jobkorea.co.kr/Recruit/GI_Read/45162604?Oem_Code=C1&logpath=1&stext=머신러닝엔지니어&listno=250
바이플㈜,https://www.jobkorea.co.kr/Recruit/GI_Read/45158182?Oem_Code=C1&logpath=1&stext=머신러닝엔지니어&listno=251
㈜와에이아이,https://www.jobkorea.co.kr/Recruit/GI_Read/45153857?Oem_Code=C1&logpath=1&stext=머신러닝엔지니어&listno=252
㈜클라모스,https://www.jobkorea.co.kr/Recruit/GI_Read/45146198?Oem_Code=C1&logpath=1&stext=머신러닝엔지니어&listno=253
㈜한컴케어링크,https://www.jobkorea.co.kr/Recruit/GI_Read/45145703?Oem_Code=C1&logpath=1&stext=머신러닝엔지니어&listno=254
브랜드 인게이지먼트 네트워크 인크 (,https://www.jobkorea.co.kr/Recruit/GI_Read/45141836?Oem_Code=C1&logpath=1&stext=머신러닝엔지니어&listno=255
㈜티쓰리엔터테인먼트,https://www.jobkorea.co.kr/Recruit/GI_Read/45141719?Oem_Code=C1&logpath=1&stext=머신러닝엔지니어&listno=256
㈜아이브릭스,https://www.jobkorea.co.kr/Recruit/GI_Read/45140353?Oem_Code=C1&logpath=1&stext=머신러닝엔지니어&listno=257
㈜유투에스알,https://www.jobkorea.co.kr/Recruit/GI_Read/45135312?Oem_Code=C1&logpath=1&stext=머신러닝엔지니어&listno=258
㈜위존 강남사업장,https://www.jobkorea.co.kr/Recruit/GI_Read/45134044?Oem_Code=C1&logpath=1&stext=머신러닝엔지니어&listno=259
㈜라피치,https://www.jobkorea.co.kr/Recruit/GI_Read/45130430?Oem_Code=C1&logpath=1&stext=머신러닝엔지니어&listno=260
알피니언메디칼시스템㈜,https://www.jobkorea.co.kr/Recruit/GI_Read/45126507?Oem_Code=C1&logpath=1&stext=머신러닝엔지니어&listno=261
㈜인텔리즈,https://www.jobkorea.co.kr/Recruit/GI_Read/45117307?Oem_Code=C1&logpath=1&stext=머신러닝엔지니어&listno=262
㈜이디코어,https://www.jobkorea.co.kr/Recruit/GI_Read/45114501?Oem_Code=C1&logpath=1&stext=머신러닝엔지니어&listno=263
에너자이,https://www.jobkorea.co.kr/Recruit/GI_Read/45107266?Oem_Code=C1&logpath=1&stext=머신러닝엔지니어&listno=264
㈜셀빅,https://www.jobkorea.co.kr/Recruit/GI_Read/45098440?Oem_Code=C1&logpath=1&stext=머신러닝엔지니어&listno=265
오투오,https://www.jobkorea.co.kr/Recruit/GI_Read/45082669?Oem_Code=C1&logpath=1&stext=머신러닝엔지니어&listno=266
㈜시스윈모빌리티,https://www.jobkorea.co.kr/Recruit/GI_Read/45079281?Oem_Code=C1&logpath=1&stext=머신러닝엔지니어&listno=267
Upstage,https://www.jobkorea.co.kr/Recruit/GI_Read/45073242?Oem_Code=C1&logpath=1&stext=머신러닝엔지니어&listno=268
Upstage,https://www.jobkorea.co.kr/Recruit/GI_Read/45072873?Oem_Code=C1&logpath=1&stext=머신러닝엔지니어&listno=269
Upstage,https://www.jobkorea.co.kr/Recruit/GI_Read/45072700?Oem_Code=C1&logpath=1&stext=머신러닝엔지니어&listno=270
㈜스탠스,https://www.jobkorea.co.kr/Recruit/GI_Read/45069120?Oem_Code=C1&logpath=1&stext=머신러닝엔지니어&listno=271
슈프리마,https://www.jobkorea.co.kr/Recruit/GI_Read/45056165?Oem_Code=C1&logpath=1&stext=머신러닝엔지니어&listno=272
웨이센,https://www.jobkorea.co.kr/Recruit/GI_Read/45047416?Oem_Code=C1&logpath=1&stext=머신러닝엔지니어&listno=273
씨드로닉스㈜,https://www.jobkorea.co.kr/Recruit/GI_Read/45046368?Oem_Code=C1&logpath=1&stext=머신러닝엔지니어&listno=274
㈜코드랩이앤티,https://www.jobkorea.co.kr/Recruit/GI_Read/45032702?Oem_Code=C1&logpath=1&stext=머신러닝엔지니어&listno=275
㈜코드랩이앤티,https://www.jobkorea.co.kr/Recruit/GI_Read/45032677?Oem_Code=C1&logpath=1&stext=머신러닝엔지니어&listno=276
㈜에이아이에코젠랩(AIEcoG,https://www.jobkorea.co.kr/Recruit/GI_Read/45018240?Oem_Code=C1&logpath=1&stext=머신러닝엔지니어&listno=277
애드인에듀,https://www.jobkorea.co.kr/Recruit/GI_Read/45009404?Oem_Code=C1&logpath=1&stext=머신러닝엔지니어&listno=278
바이오커넥트,https://www.jobkorea.co.kr/Recruit/GI_Read/45000684?Oem_Code=C1&logpath=1&stext=머신러닝엔지니어&listno=279
㈜딥인스펙션,https://www.jobkorea.co.kr/Recruit/GI_Read/44988176?Oem_Code=C1&logpath=1&stext=머신러닝엔지니어&listno=280
딥브레인 AI,https://www.jobkorea.co.kr/Recruit/GI_Read/44979540?Oem_Code=C1&logpath=1&stext=머신러닝엔지니어&listno=281
에너자이,https://www.jobkorea.co.kr/Recruit/GI_Read/44985482?Oem_Code=C1&logpath=1&stext=머신러닝엔지니어&listno=282
㈜스피링크,https://www.jobkorea.co.kr/Recruit/GI_Read/44979993?Oem_Code=C1&logpath=1&stext=머신러닝엔지니어&listno=283
㈜스피링크,https://www.jobkorea.co.kr/Recruit/GI_Read/44979972?Oem_Code=C1&logpath=1&stext=머신러닝엔지니어&listno=284
딥브레인 AI,https://www.jobkorea.co.kr/Recruit/GI_Read/44979528?Oem_Code=C1&logpath=1&stext=머신러닝엔지니어&listno=285
㈜좋은정보기술,https://www.jobkorea.co.kr/Recruit/GI_Read/44978774?Oem_Code=C1&logpath=1&stext=머신러닝엔지니어&listno=286
㈜아이넷캅,https://www.jobkorea.co.kr/Recruit/GI_Read/44976263?Oem_Code=C1&logpath=1&stext=머신러닝엔지니어&listno=287
㈜쿼리시스템즈,https://www.jobkorea.co.kr/Recruit/GI_Read/44975393?Oem_Code=C1&logpath=1&stext=머신러닝엔지니어&listno=288
㈜미래기후,https://www.jobkorea.co.kr/Recruit/GI_Read/44974659?Oem_Code=C1&logpath=1&stext=머신러닝엔지니어&listno=289
㈜비글즈,https://www.jobkorea.co.kr/Recruit/GI_Read/44961957?Oem_Code=C1&logpath=1&stext=머신러닝엔지니어&listno=290
디딤365㈜,https://www.jobkorea.co.kr/Recruit/GI_Read/44956700?Oem_Code=C1&logpath=1&stext=머신러닝엔지니어&listno=291
㈜블루타일랩,https://www.jobkorea.co.kr/Recruit/GI_Read/44955067?Oem_Code=C1&logpath=1&stext=머신러닝엔지니어&listno=292
㈜아이케이랩 (IKLAB Inc.),https://www.jobkorea.co.kr/Recruit/GI_Read/44953053?Oem_Code=C1&logpath=1&stext=머신러닝엔지니어&listno=293
㈜엑스큐어넷,https://www.jobkorea.co.kr/Recruit/GI_Read/44940604?Oem_Code=C1&logpath=1&stext=머신러닝엔지니어&listno=294
㈜미디어엑셀코리아,https://www.jobkorea.co.kr/Recruit/GI_Read/44937972?Oem_Code=C1&logpath=1&stext=머신러닝엔지니어&listno=295
㈜한화,https://www.jobkorea.co.kr/Recruit/GI_Read/44936908?Oem_Code=C1&logpath=1&stext=머신러닝엔지니어&listno=296
㈜브이알크루,https://www.jobkorea.co.kr/Recruit/GI_Read/44930663?Oem_Code=C1&logpath=1&stext=머신러닝엔지니어&listno=297
㈜브이알크루,https://www.jobkorea.co.kr/Recruit/GI_Read/44930652?Oem_Code=C1&logpath=1&stext=머신러닝엔지니어&listno=298
㈜그린피플,https://www.jobkorea.co.kr/Recruit/GI_Read/45348339?Oem_Code=C1&logpath=1&stext=머신러닝엔지니어&listno=299
양정인력개발센터,https://www.jobkorea.co.kr/Recruit/GI_Read/45347398?Oem_Code=C1&logpath=1&stext=머신러닝엔지니어&listno=300
㈜시노펙스,https://www.jobkorea.co.kr/Recruit/GI_Read/45346550?Oem_Code=C1&logpath=1&stext=머신러닝엔지니어&listno=301
㈜딥노이드,https://www.jobkorea.co.kr/Recruit/GI_Read/45346246?Oem_Code=C1&logpath=1&stext=머신러닝엔지니어&listno=302
㈜엘로이랩,https://www.jobkorea.co.kr/Recruit/GI_Read/45338755?Oem_Code=C1&logpath=1&stext=머신러닝엔지니어&listno=303
㈜엘로이랩,https://www.jobkorea.co.kr/Recruit/GI_Read/45337194?Oem_Code=C1&logpath=1&stext=머신러닝엔지니어&listno=304
씨이랩,https://www.jobkorea.co.kr/Recruit/GI_Read/45338443?Oem_Code=C1&logpath=1&stext=머신러닝엔지니어&listno=305
㈜퍼브,https://www.jobkorea.co.kr/Recruit/GI_Read/45337773?Oem_Code=C1&logpath=1&stext=머신러닝엔지니어&listno=306
데이터랩㈜,https://www.jobkorea.co.kr/Recruit/GI_Read/45332918?Oem_Code=C1&logpath=1&stext=머신러닝엔지니어&listno=307
㈜한국정보기술단,https://www.jobkorea.co.kr/Recruit/GI_Read/45332769?Oem_Code=C1&logpath=1&stext=머신러닝엔지니어&listno=308
롯데이노베이트㈜,https://www.jobkorea.co.kr/Recruit/GI_Read/45331446?Oem_Code=C1&logpath=1&stext=머신러닝엔지니어&listno=309
투아이시스㈜,https://www.jobkorea.co.kr/Recruit/GI_Read/45331425?Oem_Code=C1&logpath=1&stext=머신러닝엔지니어&listno=310
녹십자홀딩스,https://www.jobkorea.co.kr/Recruit/GI_Read/45329644?Oem_Code=C1&logpath=1&stext=머신러닝엔지니어&listno=311
씨와이오토텍(주),https://www.jobkorea.co.kr/Recruit/GI_Read/45329231?Oem_Code=C1&logpath=1&stext=머신러닝엔지니어&listno=312
㈜인포플라,https://www.jobkorea.co.kr/Recruit/GI_Read/45321998?Oem_Code=C1&logpath=1&stext=머신러닝엔지니어&listno=313
㈜노르마,https://www.jobkorea.co.kr/Recruit/GI_Read/45319496?Oem_Code=C1&logpath=1&stext=머신러닝엔지니어&listno=314
굿어스데이터㈜,https://www.jobkorea.co.kr/Recruit/GI_Read/45319012?Oem_Code=C1&logpath=1&stext=머신러닝엔지니어&listno=315
굿어스데이터㈜,https://www.jobkorea.co.kr/Recruit/GI_Read/45318931?Oem_Code=C1&logpath=1&stext=머신러닝엔지니어&listno=316
㈜와이즈교육,https://www.jobkorea.co.kr/Recruit/GI_Read/45313768?Oem_Code=C1&logpath=1&stext=머신러닝엔지니어&listno=317
㈜스피링크,https://www.jobkorea.co.kr/Recruit/GI_Read/45312063?Oem_Code=C1&logpath=1&stext=머신러닝엔지니어&listno=318
㈜인피닉,https://www.jobkorea.co.kr/Recruit/GI_Read/45310214?Oem_Code=C1&logpath=1&stext=머신러닝엔지니어&listno=319
㈜휴런,https://www.jobkorea.co.kr/Recruit/GI_Read/45309675?Oem_Code=C1&logpath=1&stext=머신러닝엔지니어&listno=320
㈜파이디지털헬스케어,https://www.jobkorea.co.kr/Recruit/GI_Read/45304086?Oem_Code=C1&logpath=1&stext=머신러닝엔지니어&listno=321
㈜카카오헬스케어,https://www.jobkorea.co.kr/Recruit/GI_Read/45303258?Oem_Code=C1&logpath=1&stext=머신러닝엔지니어&listno=322
㈜케이에스씨앤씨(KSC&C; Inc.),https://www.jobkorea.co.kr/Recruit/GI_Read/45300803?Oem_Code=C1&logpath=1&stext=머신러닝엔지니어&listno=323
㈜에이치앤티아웃소싱시스템,https://www.jobkorea.co.kr/Recruit/GI_Read/45300710?Oem_Code=C1&logpath=1&stext=머신러닝엔지니어&listno=324
㈜이오그라운드,https://www.jobkorea.co.kr/Recruit/GI_Read/45300158?Oem_Code=C1&logpath=1&stext=머신러닝엔지니어&listno=325
㈜에스씨에스,https://www.jobkorea.co.kr/Recruit/GI_Read/45299090?Oem_Code=C1&logpath=1&stext=머신러닝엔지니어&listno=326
다큐브㈜,https://www.jobkorea.co.kr/Recruit/GI_Read/45297453?Oem_Code=C1&logpath=1&stext=머신러닝엔지니어&listno=327
위드로봇㈜,https://www.jobkorea.co.kr/Recruit/GI_Read/45296567?Oem_Code=C1&logpath=1&stext=머신러닝엔지니어&listno=328
위드로봇㈜,https://www.jobkorea.co.kr/Recruit/GI_Read/45296528?Oem_Code=C1&logpath=1&stext=머신러닝엔지니어&listno=329
씨이랩,https://www.jobkorea.co.kr/Recruit/GI_Read/45295105?Oem_Code=C1&logpath=1&stext=머신러닝엔지니어&listno=330
플레이워크,https://www.jobkorea.co.kr/Recruit/GI_Read/45294594?Oem_Code=C1&logpath=1&stext=머신러닝엔지니어&listno=331
㈜빅링크,https://www.jobkorea.co.kr/Recruit/GI_Read/45294029?Oem_Code=C1&logpath=1&stext=머신러닝엔지니어&listno=332
㈜빅링크,https://www.jobkorea.co.kr/Recruit/GI_Read/45293993?Oem_Code=C1&logpath=1&stext=머신러닝엔지니어&listno=333
㈜빅링크,https://www.jobkorea.co.kr/Recruit/GI_Read/45293981?Oem_Code=C1&logpath=1&stext=머신러닝엔지니어&listno=334
㈜빅링크,https://www.jobkorea.co.kr/Recruit/GI_Read/45293965?Oem_Code=C1&logpath=1&stext=머신러닝엔지니어&listno=335
주식회사 메이크봇,https://www.jobkorea.co.kr/Recruit/GI_Read/45292873?Oem_Code=C1&logpath=1&stext=머신러닝엔지니어&listno=336
㈜엠와이씨,https://www.jobkorea.co.kr/Recruit/GI_Read/45292309?Oem_Code=C1&logpath=1&stext=머신러닝엔지니어&listno=337
메타빌드㈜,https://www.jobkorea.co.kr/Recruit/GI_Read/45292286?Oem_Code=C1&logpath=1&stext=머신러닝엔지니어&listno=338
㈜비전스페이스,https://www.jobkorea.co.kr/Recruit/GI_Read/45287234?Oem_Code=C1&logpath=1&stext=머신러닝엔지니어&listno=339
라온피플㈜,https://www.jobkorea.co.kr/Recruit/GI_Read/45286294?Oem_Code=C1&logpath=1&stext=머신러닝엔지니어&listno=340
비솔,https://www.jobkorea.co.kr/Recruit/GI_Read/45285785?Oem_Code=C1&logpath=1&stext=머신러닝엔지니어&listno=341
㈜더존비즈온,https://www.jobkorea.co.kr/Recruit/GI_Read/45284883?Oem_Code=C1&logpath=1&stext=머신러닝엔지니어&listno=342
㈜엘로이랩,https://www.jobkorea.co.kr/Recruit/GI_Read/45284526?Oem_Code=C1&logpath=1&stext=머신러닝엔지니어&listno=343
㈜한국정보공작소,https://www.jobkorea.co.kr/Recruit/GI_Read/45283721?Oem_Code=C1&logpath=1&stext=머신러닝엔지니어&listno=344
㈜티맥스메타에이아이,https://www.jobkorea.co.kr/Recruit/GI_Read/45280851?Oem_Code=C1&logpath=1&stext=머신러닝엔지니어&listno=345
이모션웨이브㈜,https://www.jobkorea.co.kr/Recruit/GI_Read/45275793?Oem_Code=C1&logpath=1&stext=머신러닝엔지니어&listno=346
팜피㈜,https://www.jobkorea.co.kr/Recruit/GI_Read/45274820?Oem_Code=C1&logpath=1&stext=머신러닝엔지니어&listno=347
팜피㈜,https://www.jobkorea.co.kr/Recruit/GI_Read/45274803?Oem_Code=C1&logpath=1&stext=머신러닝엔지니어&listno=348
건설기계부품연구원,https://www.jobkorea.co.kr/Recruit/GI_Read/45271099?Oem_Code=C1&logpath=1&stext=머신러닝엔지니어&listno=349
㈜마젠타로보틱스,https://www.jobkorea.co.kr/Recruit/GI_Read/45268720?Oem_Code=C1&logpath=1&stext=머신러닝엔지니어&listno=350
브리드비인터내셔널,https://www.jobkorea.co.kr/Recruit/GI_Read/45267668?Oem_Code=C1&logpath=1&stext=머신러닝엔지니어&listno=351
메디픽셀,https://www.jobkorea.co.kr/Recruit/GI_Read/45267633?Oem_Code=C1&logpath=1&stext=머신러닝엔지니어&listno=352
엔셀㈜,https://www.jobkorea.co.kr/Recruit/GI_Read/45263034?Oem_Code=C1&logpath=1&stext=머신러닝엔지니어&listno=353
다중지능연구소,https://www.jobkorea.co.kr/Recruit/GI_Read/45261753?Oem_Code=C1&logpath=1&stext=머신러닝엔지니어&listno=354
㈜투비웨이,https://www.jobkorea.co.kr/Recruit/GI_Read/45260847?Oem_Code=C1&logpath=1&stext=머신러닝엔지니어&listno=355
㈜크레셈,https://www.jobkorea.co.kr/Recruit/GI_Read/45259127?Oem_Code=C1&logpath=1&stext=머신러닝엔지니어&listno=356
㈜지란지교데이터,https://www.jobkorea.co.kr/Recruit/GI_Read/45258549?Oem_Code=C1&logpath=1&stext=머신러닝엔지니어&listno=357
㈜인터전기,https://www.jobkorea.co.kr/Recruit/GI_Read/45257238?Oem_Code=C1&logpath=1&stext=머신러닝엔지니어&listno=358
㈜바이브컴퍼니,https://www.jobkorea.co.kr/Recruit/GI_Read/45254690?Oem_Code=C1&logpath=1&stext=머신러닝엔지니어&listno=359
㈜단솔플러스,https://www.jobkorea.co.kr/Recruit/GI_Read/45250619?Oem_Code=C1&logpath=1&stext=머신러닝엔지니어&listno=360
미디어윌네트웍스,https://www.jobkorea.co.kr/Recruit/GI_Read/45247250?Oem_Code=C1&logpath=1&stext=머신러닝엔지니어&listno=361
㈜길온,https://www.jobkorea.co.kr/Recruit/GI_Read/45245515?Oem_Code=C1&logpath=1&stext=머신러닝엔지니어&listno=362
㈜스카이오토넷,https://www.jobkorea.co.kr/Recruit/GI_Read/45238156?Oem_Code=C1&logpath=1&stext=머신러닝엔지니어&listno=363
에스씨301의원,https://www.jobkorea.co.kr/Recruit/GI_Read/45237863?Oem_Code=C1&logpath=1&stext=머신러닝엔지니어&listno=364
휴먼교육센터,https://www.jobkorea.co.kr/Recruit/GI_Read/45235302?Oem_Code=C1&logpath=1&stext=머신러닝엔지니어&listno=365
㈜네피리티,https://www.jobkorea.co.kr/Recruit/GI_Read/45233609?Oem_Code=C1&logpath=1&stext=머신러닝엔지니어&listno=366
㈜루아컨설팅,https://www.jobkorea.co.kr/Recruit/GI_Read/45232465?Oem_Code=C1&logpath=1&stext=머신러닝엔지니어&listno=367
㈜에스아이시티,https://www.jobkorea.co.kr/Recruit/GI_Read/45231665?Oem_Code=C1&logpath=1&stext=머신러닝엔지니어&listno=368
㈜에스아이시티,https://www.jobkorea.co.kr/Recruit/GI_Read/45231660?Oem_Code=C1&logpath=1&stext=머신러닝엔지니어&listno=369
㈜더존비즈온,https://www.jobkorea.co.kr/Recruit/GI_Read/45225548?Oem_Code=C1&logpath=1&stext=머신러닝엔지니어&listno=370
충북대학교병원,https://www.jobkorea.co.kr/Recruit/GI_Read/45227366?Oem_Code=C1&logpath=1&stext=머신러닝엔지니어&listno=371
중앙정보기술인재개발원 중앙정보처리학원,https://www.jobkorea.co.kr/Recruit/GI_Read/45226152?Oem_Code=C1&logpath=1&stext=머신러닝엔지니어&listno=372
㈜알에스엔,https://www.jobkorea.co.kr/Recruit/GI_Read/45224202?Oem_Code=C1&logpath=1&stext=머신러닝엔지니어&listno=373
㈜포텍,https://www.jobkorea.co.kr/Recruit/GI_Read/45223643?Oem_Code=C1&logpath=1&stext=머신러닝엔지니어&listno=374
㈜링키지랩,https://www.jobkorea.co.kr/Recruit/GI_Read/45220231?Oem_Code=C1&logpath=1&stext=머신러닝엔지니어&listno=375
㈜인스케이프,https://www.jobkorea.co.kr/Recruit/GI_Read/45221281?Oem_Code=C1&logpath=1&stext=머신러닝엔지니어&listno=376
(주)글로벌아카데미,https://www.jobkorea.co.kr/Recruit/GI_Read/45220552?Oem_Code=C1&logpath=1&stext=머신러닝엔지니어&listno=377
(주)글로벌아카데미,https://www.jobkorea.co.kr/Recruit/GI_Read/45220560?Oem_Code=C1&logpath=1&stext=머신러닝엔지니어&listno=378
㈜아이브릭스,https://www.jobkorea.co.kr/Recruit/GI_Read/45220642?Oem_Code=C1&logpath=1&stext=머신러닝엔지니어&listno=379
㈜미니레코드,https://www.jobkorea.co.kr/Recruit/GI_Read/45217918?Oem_Code=C1&logpath=1&stext=머신러닝엔지니어&listno=380
㈜에스아이시티,https://www.jobkorea.co.kr/Recruit/GI_Read/45215687?Oem_Code=C1&logpath=1&stext=머신러닝엔지니어&listno=381
플릭던,https://www.jobkorea.co.kr/Recruit/GI_Read/45209839?Oem_Code=C1&logpath=1&stext=머신러닝엔지니어&listno=382
㈜디피,https://www.jobkorea.co.kr/Recruit/GI_Read/45194481?Oem_Code=C1&logpath=1&stext=머신러닝엔지니어&listno=383
㈜아이핌,https://www.jobkorea.co.kr/Recruit/GI_Read/45206569?Oem_Code=C1&logpath=1&stext=머신러닝엔지니어&listno=384
한화시스템,https://www.jobkorea.co.kr/Recruit/GI_Read/45205494?Oem_Code=C1&logpath=1&stext=머신러닝엔지니어&listno=385
㈜온택트헬스,https://www.jobkorea.co.kr/Recruit/GI_Read/45203620?Oem_Code=C1&logpath=1&stext=머신러닝엔지니어&listno=386
씨앤에프시스템㈜,https://www.jobkorea.co.kr/Recruit/GI_Read/45204240?Oem_Code=C1&logpath=1&stext=머신러닝엔지니어&listno=387
㈜원익로보틱스,https://www.jobkorea.co.kr/Recruit/GI_Read/45203027?Oem_Code=C1&logpath=1&stext=머신러닝엔지니어&listno=388
㈜엘로이랩,https://www.jobkorea.co.kr/Recruit/GI_Read/45202419?Oem_Code=C1&logpath=1&stext=머신러닝엔지니어&listno=389
(주)글로벌아카데미,https://www.jobkorea.co.kr/Recruit/GI_Read/45198854?Oem_Code=C1&logpath=1&stext=머신러닝엔지니어&listno=390
㈜덴컴,https://www.jobkorea.co.kr/Recruit/GI_Read/45197386?Oem_Code=C1&logpath=1&stext=머신러닝엔지니어&listno=391
㈜덴컴,https://www.jobkorea.co.kr/Recruit/GI_Read/45197239?Oem_Code=C1&logpath=1&stext=머신러닝엔지니어&listno=392
㈜덴컴,https://www.jobkorea.co.kr/Recruit/GI_Read/45197226?Oem_Code=C1&logpath=1&stext=머신러닝엔지니어&listno=393
㈜세이프모션,https://www.jobkorea.co.kr/Recruit/GI_Read/45197025?Oem_Code=C1&logpath=1&stext=머신러닝엔지니어&listno=394
㈜세이프모션,https://www.jobkorea.co.kr/Recruit/GI_Read/45197012?Oem_Code=C1&logpath=1&stext=머신러닝엔지니어&listno=395
㈜세이프모션,https://www.jobkorea.co.kr/Recruit/GI_Read/45197001?Oem_Code=C1&logpath=1&stext=머신러닝엔지니어&listno=396
동대문여성인력개발센터,https://www.jobkorea.co.kr/Recruit/GI_Read/45189900?Oem_Code=C1&logpath=1&stext=머신러닝엔지니어&listno=397
㈜이엑서비션,https://www.jobkorea.co.kr/Recruit/GI_Read/45194803?Oem_Code=C1&logpath=1&stext=머신러닝엔지니어&listno=398
노마드코더,https://www.jobkorea.co.kr/Recruit/GI_Read/45191995?Oem_Code=C1&logpath=1&stext=머신러닝엔지니어&listno=399
매드업,https://www.jobkorea.co.kr/Recruit/GI_Read/45190555?Oem_Code=C1&logpath=1&stext=머신러닝엔지니어&listno=400
㈜스타마타,https://www.jobkorea.co.kr/Recruit/GI_Read/45189516?Oem_Code=C1&logpath=1&stext=머신러닝엔지니어&listno=401
제이씨에프테크놀러지,https://www.jobkorea.co.kr/Recruit/GI_Read/45188218?Oem_Code=C1&logpath=1&stext=머신러닝엔지니어&listno=402
휴씽크㈜,https://www.jobkorea.co.kr/Recruit/GI_Read/45188008?Oem_Code=C1&logpath=1&stext=머신러닝엔지니어&listno=403
㈜웨어러블에이아이,https://www.jobkorea.co.kr/Recruit/GI_Read/45186391?Oem_Code=C1&logpath=1&stext=머신러닝엔지니어&listno=404
㈜하가,https://www.jobkorea.co.kr/Recruit/GI_Read/45186199?Oem_Code=C1&logpath=1&stext=머신러닝엔지니어&listno=405
㈜바이킹랩,https://www.jobkorea.co.kr/Recruit/GI_Read/45184984?Oem_Code=C1&logpath=1&stext=머신러닝엔지니어&listno=406
㈜케이엘큐브,https://www.jobkorea.co.kr/Recruit/GI_Read/45184594?Oem_Code=C1&logpath=1&stext=머신러닝엔지니어&listno=407
㈜화인코왁,https://www.jobkorea.co.kr/Recruit/GI_Read/45182924?Oem_Code=C1&logpath=1&stext=머신러닝엔지니어&listno=408
㈜포커스에이치엔에스,https://www.jobkorea.co.kr/Recruit/GI_Read/45181676?Oem_Code=C1&logpath=1&stext=머신러닝엔지니어&listno=409
㈜자이언트스텝,https://www.jobkorea.co.kr/Recruit/GI_Read/45176135?Oem_Code=C1&logpath=1&stext=머신러닝엔지니어&listno=410
디앤샤인,https://www.jobkorea.co.kr/Recruit/GI_Read/45175346?Oem_Code=C1&logpath=1&stext=머신러닝엔지니어&listno=411
㈜케이솔루션즈,https://www.jobkorea.co.kr/Recruit/GI_Read/45172889?Oem_Code=C1&logpath=1&stext=머신러닝엔지니어&listno=412
㈜글로벌인,https://www.jobkorea.co.kr/Recruit/GI_Read/45170200?Oem_Code=C1&logpath=1&stext=머신러닝엔지니어&listno=413
㈜아이옵스,https://www.jobkorea.co.kr/Recruit/GI_Read/45168510?Oem_Code=C1&logpath=1&stext=머신러닝엔지니어&listno=414
㈜제이엘케이,https://www.jobkorea.co.kr/Recruit/GI_Read/45160547?Oem_Code=C1&logpath=1&stext=머신러닝엔지니어&listno=415
㈜네피리티,https://www.jobkorea.co.kr/Recruit/GI_Read/45153152?Oem_Code=C1&logpath=1&stext=머신러닝엔지니어&listno=416
디엑스솔루션㈜,https://www.jobkorea.co.kr/Recruit/GI_Read/45150062?Oem_Code=C1&logpath=1&stext=머신러닝엔지니어&listno=417
㈜새론솔루션,https://www.jobkorea.co.kr/Recruit/GI_Read/45146006?Oem_Code=C1&logpath=1&stext=머신러닝엔지니어&listno=418
㈜새론솔루션,https://www.jobkorea.co.kr/Recruit/GI_Read/45145996?Oem_Code=C1&logpath=1&stext=머신러닝엔지니어&listno=419
한국치매협회,https://www.jobkorea.co.kr/Recruit/GI_Read/45145016?Oem_Code=C1&logpath=1&stext=머신러닝엔지니어&listno=420
㈜인스펙터,https://www.jobkorea.co.kr/Recruit/GI_Read/45142955?Oem_Code=C1&logpath=1&stext=머신러닝엔지니어&listno=421
브이아이,https://www.jobkorea.co.kr/Recruit/GI_Read/45141883?Oem_Code=C1&logpath=1&stext=머신러닝엔지니어&listno=422
㈜아이브릭스,https://www.jobkorea.co.kr/Recruit/GI_Read/45140321?Oem_Code=C1&logpath=1&stext=머신러닝엔지니어&listno=423
"㈜에스티씨랩(STCLab.co.,Ltd.)",https://www.jobkorea.co.kr/Recruit/GI_Read/45138689?Oem_Code=C1&logpath=1&stext=머신러닝엔지니어&listno=424
㈜엠티이지,https://www.jobkorea.co.kr/Recruit/GI_Read/45138277?Oem_Code=C1&logpath=1&stext=머신러닝엔지니어&listno=425
스피치로그㈜,https://www.jobkorea.co.kr/Recruit/GI_Read/45137078?Oem_Code=C1&logpath=1&stext=머신러닝엔지니어&listno=426
㈜에스온시스템,https://www.jobkorea.co.kr/Recruit/GI_Read/45136029?Oem_Code=C1&logpath=1&stext=머신러닝엔지니어&listno=427
지엔소프트㈜,https://www.jobkorea.co.kr/Recruit/GI_Read/45133650?Oem_Code=C1&logpath=1&stext=머신러닝엔지니어&listno=428
이젠아카데미컴퓨터학원,https://www.jobkorea.co.kr/Recruit/GI_Read/45133510?Oem_Code=C1&logpath=1&stext=머신러닝엔지니어&listno=429
㈜마젠타로보틱스,https://www.jobkorea.co.kr/Recruit/GI_Read/45114581?Oem_Code=C1&logpath=1&stext=머신러닝엔지니어&listno=430
㈜아이알에스소프트코리아,https://www.jobkorea.co.kr/Recruit/GI_Read/45111855?Oem_Code=C1&logpath=1&stext=머신러닝엔지니어&listno=431
㈜시스트란,https://www.jobkorea.co.kr/Recruit/GI_Read/45096486?Oem_Code=C1&logpath=1&stext=머신러닝엔지니어&listno=432
㈜바이트사이즈,https://www.jobkorea.co.kr/Recruit/GI_Read/45098418?Oem_Code=C1&logpath=1&stext=머신러닝엔지니어&listno=433
㈜디케이앤트,https://www.jobkorea.co.kr/Recruit/GI_Read/45097764?Oem_Code=C1&logpath=1&stext=머신러닝엔지니어&listno=434
㈜한국금융아이티,https://www.jobkorea.co.kr/Recruit/GI_Read/45097184?Oem_Code=C1&logpath=1&stext=머신러닝엔지니어&listno=435
㈜바이온테크,https://www.jobkorea.co.kr/Recruit/GI_Read/45093624?Oem_Code=C1&logpath=1&stext=머신러닝엔지니어&listno=436
모빌테크,https://www.jobkorea.co.kr/Recruit/GI_Read/45092479?Oem_Code=C1&logpath=1&stext=머신러닝엔지니어&listno=437
㈜브릭,https://www.jobkorea.co.kr/Recruit/GI_Read/45091389?Oem_Code=C1&logpath=1&stext=머신러닝엔지니어&listno=438
㈜시스윈모빌리티,https://www.jobkorea.co.kr/Recruit/GI_Read/45079284?Oem_Code=C1&logpath=1&stext=머신러닝엔지니어&listno=439
㈜와따에이아이,https://www.jobkorea.co.kr/Recruit/GI_Read/45072297?Oem_Code=C1&logpath=1&stext=머신러닝엔지니어&listno=440
시티아이랩㈜,https://www.jobkorea.co.kr/Recruit/GI_Read/45072160?Oem_Code=C1&logpath=1&stext=머신러닝엔지니어&listno=441
㈜에이젠글로벌,https://www.jobkorea.co.kr/Recruit/GI_Read/45065792?Oem_Code=C1&logpath=1&stext=머신러닝엔지니어&listno=442
㈜씨엘모빌리티,https://www.jobkorea.co.kr/Recruit/GI_Read/45056712?Oem_Code=C1&logpath=1&stext=머신러닝엔지니어&listno=443
㈜ 제이시스,https://www.jobkorea.co.kr/Recruit/GI_Read/45052816?Oem_Code=C1&logpath=1&stext=머신러닝엔지니어&listno=444
㈜리콘랩스,https://www.jobkorea.co.kr/Recruit/GI_Read/45049250?Oem_Code=C1&logpath=1&stext=머신러닝엔지니어&listno=445
메타빌드㈜,https://www.jobkorea.co.kr/Recruit/GI_Read/45040892?Oem_Code=C1&logpath=1&stext=머신러닝엔지니어&listno=446
㈜소프트웨어품질공학센터,https://www.jobkorea.co.kr/Recruit/GI_Read/45044556?Oem_Code=C1&logpath=1&stext=머신러닝엔지니어&listno=447
㈜트루엔,https://www.jobkorea.co.kr/Recruit/GI_Read/45039918?Oem_Code=C1&logpath=1&stext=머신러닝엔지니어&listno=448
㈜트루엔,https://www.jobkorea.co.kr/Recruit/GI_Read/45039723?Oem_Code=C1&logpath=1&stext=머신러닝엔지니어&listno=449
㈜디지털조이,https://www.jobkorea.co.kr/Recruit/GI_Read/45035572?Oem_Code=C1&logpath=1&stext=머신러닝엔지니어&listno=450
㈜이노포스트,https://www.jobkorea.co.kr/Recruit/GI_Read/45032909?Oem_Code=C1&logpath=1&stext=머신러닝엔지니어&listno=451
㈜이노포스트,https://www.jobkorea.co.kr/Recruit/GI_Read/45032851?Oem_Code=C1&logpath=1&stext=머신러닝엔지니어&listno=452
한국스마트정보교육원,https://www.jobkorea.co.kr/Recruit/GI_Read/45027350?Oem_Code=C1&logpath=1&stext=머신러닝엔지니어&listno=453
㈜에이젠코어,https://www.jobkorea.co.kr/Recruit/GI_Read/45023537?Oem_Code=C1&logpath=1&stext=머신러닝엔지니어&listno=454
데이터마케팅코리아,https://www.jobkorea.co.kr/Recruit/GI_Read/45008595?Oem_Code=C1&logpath=1&stext=머신러닝엔지니어&listno=455
데이터마케팅코리아,https://www.jobkorea.co.kr/Recruit/GI_Read/45008455?Oem_Code=C1&logpath=1&stext=머신러닝엔지니어&listno=456
㈜에니트,https://www.jobkorea.co.kr/Recruit/GI_Read/44989194?Oem_Code=C1&logpath=1&stext=머신러닝엔지니어&listno=457
㈜하가,https://www.jobkorea.co.kr/Recruit/GI_Read/44988426?Oem_Code=C1&logpath=1&stext=머신러닝엔지니어&listno=458
㈜엘로이랩,https://www.jobkorea.co.kr/Recruit/GI_Read/44987826?Oem_Code=C1&logpath=1&stext=머신러닝엔지니어&listno=459
㈜스피링크,https://www.jobkorea.co.kr/Recruit/GI_Read/44980014?Oem_Code=C1&logpath=1&stext=머신러닝엔지니어&listno=460
㈜스피링크,https://www.jobkorea.co.kr/Recruit/GI_Read/44979947?Oem_Code=C1&logpath=1&stext=머신러닝엔지니어&listno=461
㈜파비스,https://www.jobkorea.co.kr/Recruit/GI_Read/44969434?Oem_Code=C1&logpath=1&stext=머신러닝엔지니어&listno=462
㈜씨프로,https://www.jobkorea.co.kr/Recruit/GI_Read/44967903?Oem_Code=C1&logpath=1&stext=머신러닝엔지니어&listno=463
㈜볼링원,https://www.jobkorea.co.kr/Recruit/GI_Read/44959983?Oem_Code=C1&logpath=1&stext=머신러닝엔지니어&listno=464
몬드리안에이아이,https://www.jobkorea.co.kr/Recruit/GI_Read/44947622?Oem_Code=C1&logpath=1&stext=머신러닝엔지니어&listno=465
㈜올윈에듀,https://www.jobkorea.co.kr/Recruit/GI_Read/44942945?Oem_Code=C1&logpath=1&stext=머신러닝엔지니어&listno=466
㈜더캐리,https://www.jobkorea.co.kr/Recruit/GI_Read/44936861?Oem_Code=C1&logpath=1&stext=머신러닝엔지니어&listno=467
㈜브이알크루,https://www.jobkorea.co.kr/Recruit/GI_Read/44930673?Oem_Code=C1&logpath=1&stext=머신러닝엔지니어&listno=468
비바이노베이션,https://www.jobkorea.co.kr/Recruit/GI_Read/44933461?Oem_Code=C1&logpath=1&stext=머신러닝엔지니어&listno=469
㈜에스에이치엘에이비,https://www.jobkorea.co.kr/Recruit/GI_Read/44924346?Oem_Code=C1&logpath=1&stext=머신러닝엔지니어&listno=470
제이에스엘인재개발원㈜,https://www.jobkorea.co.kr/Recruit/GI_Read/45352316?Oem_Code=C1&logpath=1&stext=머신러닝엔지니어&listno=471
삼성전자㈜,https://www.jobkorea.co.kr/Recruit/GI_Read/45356045?Oem_Code=C1&logpath=1&stext=머신러닝엔지니어&listno=472
엘지이노텍,https://www.jobkorea.co.kr/Recruit/GI_Read/45355418?Oem_Code=C1&logpath=1&stext=머신러닝엔지니어&listno=473
(주)한백전자,https://www.jobkorea.co.kr/Recruit/GI_Read/45353164?Oem_Code=C1&logpath=1&stext=머신러닝엔지니어&listno=474
"㈜숲(SOOP CO., LTD.)",https://www.jobkorea.co.kr/Recruit/GI_Read/45351530?Oem_Code=C1&logpath=1&stext=머신러닝엔지니어&listno=475
티맵모빌리티㈜,https://www.jobkorea.co.kr/Recruit/GI_Read/45356114?Oem_Code=C1&logpath=1&stext=머신러닝엔지니어&listno=476
삼성전자㈜,https://www.jobkorea.co.kr/Recruit/GI_Read/45356053?Oem_Code=C1&logpath=1&stext=머신러닝엔지니어&listno=477
삼성전자㈜,https://www.jobkorea.co.kr/Recruit/GI_Read/45356027?Oem_Code=C1&logpath=1&stext=머신러닝엔지니어&listno=478
삼성전자㈜,https://www.jobkorea.co.kr/Recruit/GI_Read/45356017?Oem_Code=C1&logpath=1&stext=머신러닝엔지니어&listno=479
삼성전자㈜,https://www.jobkorea.co.kr/Recruit/GI_Read/45355997?Oem_Code=C1&logpath=1&stext=머신러닝엔지니어&listno=480
삼성전자㈜,https://www.jobkorea.co.kr/Recruit/GI_Read/45355997?Oem_Code=C1&logpath=1&stext=머신러닝엔지니어&listno=481
삼성전자㈜,https://www.jobkorea.co.kr/Recruit/GI_Read/45355959?Oem_Code=C1&logpath=1&stext=머신러닝엔지니어&listno=482
삼성전자㈜,https://www.jobkorea.co.kr/Recruit/GI_Read/45355944?Oem_Code=C1&logpath=1&stext=머신러닝엔지니어&listno=483
삼성전자㈜,https://www.jobkorea.co.kr/Recruit/GI_Read/45355923?Oem_Code=C1&logpath=1&stext=머신러닝엔지니어&listno=484
삼성전자㈜,https://www.jobkorea.co.kr/Recruit/GI_Read/45355903?Oem_Code=C1&logpath=1&stext=머신러닝엔지니어&listno=485
재단법인 서울특별시 50플러스재단,https://www.jobkorea.co.kr/Recruit/GI_Read/45352960?Oem_Code=C1&logpath=1&stext=머신러닝엔지니어&listno=486
㈜딥엑스,https://www.jobkorea.co.kr/Recruit/GI_Read/45355834?Oem_Code=C1&logpath=1&stext=머신러닝엔지니어&listno=487
㈜엑스코어시스템,https://www.jobkorea.co.kr/Recruit/GI_Read/45352792?Oem_Code=C1&logpath=1&stext=머신러닝엔지니어&listno=488
㈜씨지인사이드,https://www.jobkorea.co.kr/Recruit/GI_Read/45352263?Oem_Code=C1&logpath=1&stext=머신러닝엔지니어&listno=489
제트서브,https://www.jobkorea.co.kr/Recruit/GI_Read/45356654?Oem_Code=C1&logpath=1&stext=머신러닝엔지니어&listno=490
㈜이음인터렉티브,https://www.jobkorea.co.kr/Recruit/GI_Read/45355491?Oem_Code=C1&logpath=1&stext=머신러닝엔지니어&listno=491
스카이랩스,https://www.jobkorea.co.kr/Recruit/GI_Read/45354397?Oem_Code=C1&logpath=1&stext=머신러닝엔지니어&listno=492
루미르㈜,https://www.jobkorea.co.kr/Recruit/GI_Read/45353865?Oem_Code=C1&logpath=1&stext=머신러닝엔지니어&listno=493
뉴로핏㈜,https://www.jobkorea.co.kr/Recruit/GI_Read/45350220?Oem_Code=C1&logpath=1&stext=머신러닝엔지니어&listno=494
뉴로핏㈜,https://www.jobkorea.co.kr/Recruit/GI_Read/45350206?Oem_Code=C1&logpath=1&stext=머신러닝엔지니어&listno=495
비전잡,https://www.jobkorea.co.kr/Recruit/GI_Read/45345835?Oem_Code=C1&logpath=1&stext=머신러닝엔지니어&listno=496
㈜비전잡,https://www.jobkorea.co.kr/Recruit/GI_Read/45343159?Oem_Code=C1&logpath=1&stext=머신러닝엔지니어&listno=497
㈜에스엠테크,https://www.jobkorea.co.kr/Recruit/GI_Read/45177900?Oem_Code=C1&logpath=1&stext=머신러닝엔지니어&listno=498
벤처기업,https://www.jobkorea.co.kr/Recruit/GI_Read/45254731?PageGbn=HH&logpath=1&stext=머신러닝엔지니어&listno=499
중견기업(300명이상),https://www.jobkorea.co.kr/Recruit/GI_Read/45200858?PageGbn=HH&logpath=1&stext=머신러닝엔지니어&listno=500
중견기업(300명이상),https://www.jobkorea.co.kr/Recruit/GI_Read/45214015?PageGbn=HH&logpath=1&stext=머신러닝엔지니어&listno=501
AI 의료기기,https://www.jobkorea.co.kr/Recruit/GI_Read/45015722?PageGbn=HH&logpath=1&stext=머신러닝엔지니어&listno=502
대기업 계열사·자회사,https://www.jobkorea.co.kr/Recruit/GI_Read/44967525?PageGbn=HH&logpath=1&stext=머신러닝엔지니어&listno=503
벤처기업,https://www.jobkorea.co.kr/Recruit/GI_Read/45277735?PageGbn=HH&logpath=1&stext=머신러닝엔지니어&listno=504
벤처기업,https://www.jobkorea.co.kr/Recruit/GI_Read/45277733?PageGbn=HH&logpath=1&stext=머신러닝엔지니어&listno=505
벤처기업,https://www.jobkorea.co.kr/Recruit/GI_Read/45277732?PageGbn=HH&logpath=1&stext=머신러닝엔지니어&listno=506
벤처기업,https://www.jobkorea.co.kr/Recruit/GI_Read/45277731?PageGbn=HH&logpath=1&stext=머신러닝엔지니어&listno=507
벤처기업,https://www.jobkorea.co.kr/Recruit/GI_Read/45277725?PageGbn=HH&logpath=1&stext=머신러닝엔지니어&listno=508
중소기업(300명이하),https://www.jobkorea.co.kr/Recruit/GI_Read/45214840?PageGbn=HH&logpath=1&stext=머신러닝엔지니어&listno=509
벤처기업,https://www.jobkorea.co.kr/Recruit/GI_Read/45334012?PageGbn=HH&logpath=1&stext=머신러닝엔지니어&listno=510
외국계 기업,https://www.jobkorea.co.kr/Recruit/GI_Read/45209309?PageGbn=HH&logpath=1&stext=머신러닝엔지니어&listno=511
중견기업(300명이상),https://www.jobkorea.co.kr/Recruit/GI_Read/45200856?PageGbn=HH&logpath=1&stext=머신러닝엔지니어&listno=512
중소기업(300명이하),https://www.jobkorea.co.kr/Recruit/GI_Read/45349593?PageGbn=HH&logpath=1&stext=머신러닝엔지니어&listno=513
중견기업(300명이상),https://www.jobkorea.co.kr/Recruit/GI_Read/45349493?PageGbn=HH&logpath=1&stext=머신러닝엔지니어&listno=514
벤처기업,https://www.jobkorea.co.kr/Recruit/GI_Read/45349462?PageGbn=HH&logpath=1&stext=머신러닝엔지니어&listno=515
외국계 기업,https://www.jobkorea.co.kr/Recruit/GI_Read/45343774?PageGbn=HH&logpath=1&stext=머신러닝엔지니어&listno=516
벤처기업,https://www.jobkorea.co.kr/Recruit/GI_Read/45342676?PageGbn=HH&logpath=1&stext=머신러닝엔지니어&listno=517
중견기업(300명이상),https://www.jobkorea.co.kr/Recruit/GI_Read/45340923?PageGbn=HH&logpath=1&stext=머신러닝엔지니어&listno=518
벤처기업,https://www.jobkorea.co.kr/Recruit/GI_Read/45340476?PageGbn=HH&logpath=1&stext=머신러닝엔지니어&listno=519
대기업,https://www.jobkorea.co.kr/Recruit/GI_Read/45337597?PageGbn=HH&logpath=1&stext=머신러닝엔지니어&listno=520
대기업,https://www.jobkorea.co.kr/Recruit/GI_Read/45337597?PageGbn=HH&logpath=1&stext=머신러닝엔지니어&listno=521
중견기업(300명이상),https://www.jobkorea.co.kr/Recruit/GI_Read/45337543?PageGbn=HH&logpath=1&stext=머신러닝엔지니어&listno=522
중견기업(300명이상),https://www.jobkorea.co.kr/Recruit/GI_Read/45334439?PageGbn=HH&logpath=1&stext=머신러닝엔지니어&listno=523
중견기업(300명이상),https://www.jobkorea.co.kr/Recruit/GI_Read/45334434?PageGbn=HH&logpath=1&stext=머신러닝엔지니어&listno=524
대기업,https://www.jobkorea.co.kr/Recruit/GI_Read/45333983?PageGbn=HH&logpath=1&stext=머신러닝엔지니어&listno=525
대기업,https://www.jobkorea.co.kr/Recruit/GI_Read/45332458?PageGbn=HH&logpath=1&stext=머신러닝엔지니어&listno=526
중견기업(300명이상),https://www.jobkorea.co.kr/Recruit/GI_Read/45331463?PageGbn=HH&logpath=1&stext=머신러닝엔지니어&listno=527
중소기업(300명이하),https://www.jobkorea.co.kr/Recruit/GI_Read/45329398?PageGbn=HH&logpath=1&stext=머신러닝엔지니어&listno=528
중견기업(300명이상),https://www.jobkorea.co.kr/Recruit/GI_Read/45328610?PageGbn=HH&logpath=1&stext=머신러닝엔지니어&listno=529
중소기업(300명이하),https://www.jobkorea.co.kr/Recruit/GI_Read/45328596?PageGbn=HH&logpath=1&stext=머신러닝엔지니어&listno=530
중소기업(300명이하),https://www.jobkorea.co.kr/Recruit/GI_Read/45328594?PageGbn=HH&logpath=1&stext=머신러닝엔지니어&listno=531
벤처기업,https://www.jobkorea.co.kr/Recruit/GI_Read/45325131?PageGbn=HH&logpath=1&stext=머신러닝엔지니어&listno=532
대기업,https://www.jobkorea.co.kr/Recruit/GI_Read/45324249?PageGbn=HH&logpath=1&stext=머신러닝엔지니어&listno=533
중견기업(300명이상),https://www.jobkorea.co.kr/Recruit/GI_Read/45323064?PageGbn=HH&logpath=1&stext=머신러닝엔지니어&listno=534
중견기업(300명이상),https://www.jobkorea.co.kr/Recruit/GI_Read/45322346?PageGbn=HH&logpath=1&stext=머신러닝엔지니어&listno=535
벤처기업,https://www.jobkorea.co.kr/Recruit/GI_Read/45322073?PageGbn=HH&logpath=1&stext=머신러닝엔지니어&listno=536
중소기업(300명이하),https://www.jobkorea.co.kr/Recruit/GI_Read/45318135?PageGbn=HH&logpath=1&stext=머신러닝엔지니어&listno=537
대기업,https://www.jobkorea.co.kr/Recruit/GI_Read/45316734?PageGbn=HH&logpath=1&stext=머신러닝엔지니어&listno=538
중견기업(300명이상),https://www.jobkorea.co.kr/Recruit/GI_Read/45308040?PageGbn=HH&logpath=1&stext=머신러닝엔지니어&listno=539
중견기업(300명이상),https://www.jobkorea.co.kr/Recruit/GI_Read/45307110?PageGbn=HH&logpath=1&stext=머신러닝엔지니어&listno=540
대기업 계열사·자회사,https://www.jobkorea.co.kr/Recruit/GI_Read/45303895?PageGbn=HH&logpath=1&stext=머신러닝엔지니어&listno=541
대기업,https://www.jobkorea.co.kr/Recruit/GI_Read/45298068?PageGbn=HH&logpath=1&stext=머신러닝엔지니어&listno=542
벤처기업,https://www.jobkorea.co.kr/Recruit/GI_Read/45296252?PageGbn=HH&logpath=1&stext=머신러닝엔지니어&listno=543
대기업,https://www.jobkorea.co.kr/Recruit/GI_Read/45296089?PageGbn=HH&logpath=1&stext=머신러닝엔지니어&listno=544
중견기업(300명이상),https://www.jobkorea.co.kr/Recruit/GI_Read/45295861?PageGbn=HH&logpath=1&stext=머신러닝엔지니어&listno=545
대기업,https://www.jobkorea.co.kr/Recruit/GI_Read/45294114?PageGbn=HH&logpath=1&stext=머신러닝엔지니어&listno=546
외국계 기업,https://www.jobkorea.co.kr/Recruit/GI_Read/45287189?PageGbn=HH&logpath=1&stext=머신러닝엔지니어&listno=547
대기업,https://www.jobkorea.co.kr/Recruit/GI_Read/45284182?PageGbn=HH&logpath=1&stext=머신러닝엔지니어&listno=548
대기업 계열사·자회사,https://www.jobkorea.co.kr/Recruit/GI_Read/45279819?PageGbn=HH&logpath=1&stext=머신러닝엔지니어&listno=549
대기업 계열사·자회사,https://www.jobkorea.co.kr/Recruit/GI_Read/45277387?PageGbn=HH&logpath=1&stext=머신러닝엔지니어&listno=550
전기전자대기업,https://www.jobkorea.co.kr/Recruit/GI_Read/45277019?PageGbn=HH&logpath=1&stext=머신러닝엔지니어&listno=551
대기업 계열사·자회사,https://www.jobkorea.co.kr/Recruit/GI_Read/45276996?PageGbn=HH&logpath=1&stext=머신러닝엔지니어&listno=552
전기전자대기업,https://www.jobkorea.co.kr/Recruit/GI_Read/45275606?PageGbn=HH&logpath=1&stext=머신러닝엔지니어&listno=553
전기전자 대기업,https://www.jobkorea.co.kr/Recruit/GI_Read/45275534?PageGbn=HH&logpath=1&stext=머신러닝엔지니어&listno=554
중견기업(300명이상),https://www.jobkorea.co.kr/Recruit/GI_Read/45265741?PageGbn=HH&logpath=1&stext=머신러닝엔지니어&listno=555
중견기업(300명이상),https://www.jobkorea.co.kr/Recruit/GI_Read/45257254?PageGbn=HH&logpath=1&stext=머신러닝엔지니어&listno=556
대기업,https://www.jobkorea.co.kr/Recruit/GI_Read/45253929?PageGbn=HH&logpath=1&stext=머신러닝엔지니어&listno=557
중소기업(300명이하),https://www.jobkorea.co.kr/Recruit/GI_Read/45252191?PageGbn=HH&logpath=1&stext=머신러닝엔지니어&listno=558
대기업 계열사·자회사,https://www.jobkorea.co.kr/Recruit/GI_Read/45240035?PageGbn=HH&logpath=1&stext=머신러닝엔지니어&listno=559
중견기업(300명이상),https://www.jobkorea.co.kr/Recruit/GI_Read/45227488?PageGbn=HH&logpath=1&stext=머신러닝엔지니어&listno=560
외국계 기업,https://www.jobkorea.co.kr/Recruit/GI_Read/45212699?PageGbn=HH&logpath=1&stext=머신러닝엔지니어&listno=561
벤처기업,https://www.jobkorea.co.kr/Recruit/GI_Read/45209561?PageGbn=HH&logpath=1&stext=머신러닝엔지니어&listno=562
외국계 기업,https://www.jobkorea.co.kr/Recruit/GI_Read/45168957?PageGbn=HH&logpath=1&stext=머신러닝엔지니어&listno=563
중견기업(300명이상),https://www.jobkorea.co.kr/Recruit/GI_Read/45150827?PageGbn=HH&logpath=1&stext=머신러닝엔지니어&listno=564
외국계 기업,https://www.jobkorea.co.kr/Recruit/GI_Read/45150083?PageGbn=HH&logpath=1&stext=머신러닝엔지니어&listno=565
중견기업(300명이상),https://www.jobkorea.co.kr/Recruit/GI_Read/45143411?PageGbn=HH&logpath=1&stext=머신러닝엔지니어&listno=566
대기업 계열사·자회사,https://www.jobkorea.co.kr/Recruit/GI_Read/45137510?PageGbn=HH&logpath=1&stext=머신러닝엔지니어&listno=567
X레이 제조기업입니다,https://www.jobkorea.co.kr/Recruit/GI_Read/45134980?PageGbn=HH&logpath=1&stext=머신러닝엔지니어&listno=568
대기업,https://www.jobkorea.co.kr/Recruit/GI_Read/45123695?PageGbn=HH&logpath=1&stext=머신러닝엔지니어&listno=569
대기업,https://www.jobkorea.co.kr/Recruit/GI_Read/45123384?PageGbn=HH&logpath=1&stext=머신러닝엔지니어&listno=570
대기업 계열사·자회사,https://www.jobkorea.co.kr/Recruit/GI_Read/45122412?PageGbn=HH&logpath=1&stext=머신러닝엔지니어&listno=571
외국계 기업,https://www.jobkorea.co.kr/Recruit/GI_Read/45092993?PageGbn=HH&logpath=1&stext=머신러닝엔지니어&listno=572
중견기업(300명이상),https://www.jobkorea.co.kr/Recruit/GI_Read/45076718?PageGbn=HH&logpath=1&stext=머신러닝엔지니어&listno=573
중소기업(300명이하),https://www.jobkorea.co.kr/Recruit/GI_Read/45052069?PageGbn=HH&logpath=1&stext=머신러닝엔지니어&listno=574
벤처기업,https://www.jobkorea.co.kr/Recruit/GI_Read/45001782?PageGbn=HH&logpath=1&stext=머신러닝엔지니어&listno=575
벤처기업,https://www.jobkorea.co.kr/Recruit/GI_Read/45001141?PageGbn=HH&logpath=1&stext=머신러닝엔지니어&listno=576
중소기업(300명이하),https://www.jobkorea.co.kr/Recruit/GI_Read/44989543?PageGbn=HH&logpath=1&stext=머신러닝엔지니어&listno=577
중소기업(300명이하),https://www.jobkorea.co.kr/Recruit/GI_Read/44979387?PageGbn=HH&logpath=1&stext=머신러닝엔지니어&listno=578
중소기업(300명이하),https://www.jobkorea.co.kr/Recruit/GI_Read/44890875?PageGbn=HH&logpath=1&stext=머신러닝엔지니어&listno=579
Global Top Tier 대기업,https://www.jobkorea.co.kr/Recruit/GI_Read/44854711?PageGbn=HH&logpath=1&stext=머신러닝엔지니어&listno=580
중소기업(300명이하),https://www.jobkorea.co.kr/Recruit/GI_Read/44805820?PageGbn=HH&logpath=1&stext=머신러닝엔지니어&listno=581
벤처기업,https://www.jobkorea.co.kr/Recruit/GI_Read/44757079?PageGbn=HH&logpath=1&stext=머신러닝엔지니어&listno=582
벤처기업,https://www.jobkorea.co.kr/Recruit/GI_Read/44757041?PageGbn=HH&logpath=1&stext=머신러닝엔지니어&listno=583
벤처기업,https://www.jobkorea.co.kr/Recruit/GI_Read/44756994?PageGbn=HH&logpath=1&stext=머신러닝엔지니어&listno=584
벤처기업,https://www.jobkorea.co.kr/Recruit/GI_Read/44756939?PageGbn=HH&logpath=1&stext=머신러닝엔지니어&listno=585
벤처기업,https://www.jobkorea.co.kr/Recruit/GI_Read/44756906?PageGbn=HH&logpath=1&stext=머신러닝엔지니어&listno=586
벤처기업,https://www.jobkorea.co.kr/Recruit/GI_Read/44732999?PageGbn=HH&logpath=1&stext=머신러닝엔지니어&listno=587
중소기업(300명이하),https://www.jobkorea.co.kr/Recruit/GI_Read/45349703?PageGbn=HH&logpath=1&stext=머신러닝엔지니어&listno=588
외국계1,https://www.jobkorea.co.kr/Recruit/GI_Read/45349511?PageGbn=HH&logpath=1&stext=머신러닝엔지니어&listno=589
중소기업(300명이하),https://www.jobkorea.co.kr/Recruit/GI_Read/45349392?PageGbn=HH&logpath=1&stext=머신러닝엔지니어&listno=590
대기업 계열사·자회사,https://www.jobkorea.co.kr/Recruit/GI_Read/45346807?PageGbn=HH&logpath=1&stext=머신러닝엔지니어&listno=591
벤처기업,https://www.jobkorea.co.kr/Recruit/GI_Read/45340477?PageGbn=HH&logpath=1&stext=머신러닝엔지니어&listno=592
벤처기업,https://www.jobkorea.co.kr/Recruit/GI_Read/45334008?PageGbn=HH&logpath=1&stext=머신러닝엔지니어&listno=593
Global Top Tier 대기업,https://www.jobkorea.co.kr/Recruit/GI_Read/45333988?PageGbn=HH&logpath=1&stext=머신러닝엔지니어&listno=594
국내 최대 반도체/전기전자 대기업,https://www.jobkorea.co.kr/Recruit/GI_Read/45333977?PageGbn=HH&logpath=1&stext=머신러닝엔지니어&listno=595
중견기업(300명이상),https://www.jobkorea.co.kr/Recruit/GI_Read/45329012?PageGbn=HH&logpath=1&stext=머신러닝엔지니어&listno=596
중견기업(300명이상),https://www.jobkorea.co.kr/Recruit/GI_Read/45327830?PageGbn=HH&logpath=1&stext=머신러닝엔지니어&listno=597
중소기업(300명이하),https://www.jobkorea.co.kr/Recruit/GI_Read/45327602?PageGbn=HH&logpath=1&stext=머신러닝엔지니어&listno=598
대기업 계열사·자회사,https://www.jobkorea.co.kr/Recruit/GI_Read/45325827?PageGbn=HH&logpath=1&stext=머신러닝엔지니어&listno=599
대기업,https://www.jobkorea.co.kr/Recruit/GI_Read/45316681?PageGbn=HH&logpath=1&stext=머신러닝엔지니어&listno=600
대기업,https://www.jobkorea.co.kr/Recruit/GI_Read/45316681?PageGbn=HH&logpath=1&stext=머신러닝엔지니어&listno=601
중견기업(300명이상),https://www.jobkorea.co.kr/Recruit/GI_Read/45311907?PageGbn=HH&logpath=1&stext=머신러닝엔지니어&listno=602
외국계 기업,https://www.jobkorea.co.kr/Recruit/GI_Read/45308704?PageGbn=HH&logpath=1&stext=머신러닝엔지니어&listno=603
벤처기업,https://www.jobkorea.co.kr/Recruit/GI_Read/45308380?PageGbn=HH&logpath=1&stext=머신러닝엔지니어&listno=604
중소기업(300명이하),https://www.jobkorea.co.kr/Recruit/GI_Read/45301042?PageGbn=HH&logpath=1&stext=머신러닝엔지니어&listno=605
대기업,https://www.jobkorea.co.kr/Recruit/GI_Read/45298133?PageGbn=HH&logpath=1&stext=머신러닝엔지니어&listno=606
대기업,https://www.jobkorea.co.kr/Recruit/GI_Read/45296061?PageGbn=HH&logpath=1&stext=머신러닝엔지니어&listno=607
대기업,https://www.jobkorea.co.kr/Recruit/GI_Read/45296057?PageGbn=HH&logpath=1&stext=머신러닝엔지니어&listno=608
대기업,https://www.jobkorea.co.kr/Recruit/GI_Read/45284136?PageGbn=HH&logpath=1&stext=머신러닝엔지니어&listno=609
대기업 계열사·자회사,https://www.jobkorea.co.kr/Recruit/GI_Read/45276747?PageGbn=HH&logpath=1&stext=머신러닝엔지니어&listno=610
중견기업(300명이상),https://www.jobkorea.co.kr/Recruit/GI_Read/45265739?PageGbn=HH&logpath=1&stext=머신러닝엔지니어&listno=611
중견기업(300명이상),https://www.jobkorea.co.kr/Recruit/GI_Read/45265528?PageGbn=HH&logpath=1&stext=머신러닝엔지니어&listno=612
중소기업(300명이하),https://www.jobkorea.co.kr/Recruit/GI_Read/45264160?PageGbn=HH&logpath=1&stext=머신러닝엔지니어&listno=613
X레이 제조기업입니다,https://www.jobkorea.co.kr/Recruit/GI_Read/45253930?PageGbn=HH&logpath=1&stext=머신러닝엔지니어&listno=614
중견기업(300명이상),https://www.jobkorea.co.kr/Recruit/GI_Read/45248814?PageGbn=HH&logpath=1&stext=머신러닝엔지니어&listno=615
대기업,https://www.jobkorea.co.kr/Recruit/GI_Read/45248322?PageGbn=HH&logpath=1&stext=머신러닝엔지니어&listno=616
대기업,https://www.jobkorea.co.kr/Recruit/GI_Read/45248306?PageGbn=HH&logpath=1&stext=머신러닝엔지니어&listno=617
벤처기업,https://www.jobkorea.co.kr/Recruit/GI_Read/45238975?PageGbn=HH&logpath=1&stext=머신러닝엔지니어&listno=618
중소기업(300명이하),https://www.jobkorea.co.kr/Recruit/GI_Read/45229868?PageGbn=HH&logpath=1&stext=머신러닝엔지니어&listno=619
중견기업(300명이상),https://www.jobkorea.co.kr/Recruit/GI_Read/45217376?PageGbn=HH&logpath=1&stext=머신러닝엔지니어&listno=620
대기업 계열사·자회사,https://www.jobkorea.co.kr/Recruit/GI_Read/45188959?PageGbn=HH&logpath=1&stext=머신러닝엔지니어&listno=621
중소기업(300명이하),https://www.jobkorea.co.kr/Recruit/GI_Read/45164037?PageGbn=HH&logpath=1&stext=머신러닝엔지니어&listno=622
대기업,https://www.jobkorea.co.kr/Recruit/GI_Read/45151005?PageGbn=HH&logpath=1&stext=머신러닝엔지니어&listno=623
벤처기업,https://www.jobkorea.co.kr/Recruit/GI_Read/45150673?PageGbn=HH&logpath=1&stext=머신러닝엔지니어&listno=624
웰컴저축은행,https://www.jobkorea.co.kr/Recruit/GI_Read/45138255?PageGbn=HH&logpath=1&stext=머신러닝엔지니어&listno=625
벤처기업,https://www.jobkorea.co.kr/Recruit/GI_Read/45110381?PageGbn=HH&logpath=1&stext=머신러닝엔지니어&listno=626
외국계 기업,https://www.jobkorea.co.kr/Recruit/GI_Read/45093055?PageGbn=HH&logpath=1&stext=머신러닝엔지니어&listno=627
중소기업(300명이하),https://www.jobkorea.co.kr/Recruit/GI_Read/45090370?PageGbn=HH&logpath=1&stext=머신러닝엔지니어&listno=628
중견기업(300명이상),https://www.jobkorea.co.kr/Recruit/GI_Read/45061725?PageGbn=HH&logpath=1&stext=머신러닝엔지니어&listno=629
대기업 계열사·자회사,https://www.jobkorea.co.kr/Recruit/GI_Read/45054949?PageGbn=HH&logpath=1&stext=머신러닝엔지니어&listno=630
중소기업(300명이하),https://www.jobkorea.co.kr/Recruit/GI_Read/45040068?PageGbn=HH&logpath=1&stext=머신러닝엔지니어&listno=631
대기업 계열사·자회사,https://www.jobkorea.co.kr/Recruit/GI_Read/45036769?PageGbn=HH&logpath=1&stext=머신러닝엔지니어&listno=632
벤처기업,https://www.jobkorea.co.kr/Recruit/GI_Read/45001122?PageGbn=HH&logpath=1&stext=머신러닝엔지니어&listno=633
중소기업(300명이하),https://www.jobkorea.co.kr/Recruit/GI_Read/44999688?PageGbn=HH&logpath=1&stext=머신러닝엔지니어&listno=634
대기업,https://www.jobkorea.co.kr/Recruit/GI_Read/44993461?PageGbn=HH&logpath=1&stext=머신러닝엔지니어&listno=635
중견기업(300명이상),https://www.jobkorea.co.kr/Recruit/GI_Read/44981906?PageGbn=HH&logpath=1&stext=머신러닝엔지니어&listno=636
대기업,https://www.jobkorea.co.kr/Recruit/GI_Read/44980620?PageGbn=HH&logpath=1&stext=머신러닝엔지니어&listno=637
벤처기업,https://www.jobkorea.co.kr/Recruit/GI_Read/44965399?PageGbn=HH&logpath=1&stext=머신러닝엔지니어&listno=638
벤처기업,https://www.jobkorea.co.kr/Recruit/GI_Read/44965361?PageGbn=HH&logpath=1&stext=머신러닝엔지니어&listno=639
중소기업(300명이하),https://www.jobkorea.co.kr/Recruit/GI_Read/44944596?PageGbn=HH&logpath=1&stext=머신러닝엔지니어&listno=640
중소기업(300명이하),https://www.jobkorea.co.kr/Recruit/GI_Read/44944596?PageGbn=HH&logpath=1&stext=머신러닝엔지니어&listno=641
대기업,https://www.jobkorea.co.kr/Recruit/GI_Read/44944464?PageGbn=HH&logpath=1&stext=머신러닝엔지니어&listno=642
대기업,https://www.jobkorea.co.kr/Recruit/GI_Read/44940961?PageGbn=HH&logpath=1&stext=머신러닝엔지니어&listno=643
대기업,https://www.jobkorea.co.kr/Recruit/GI_Read/44940860?PageGbn=HH&logpath=1&stext=머신러닝엔지니어&listno=644
벤처기업,https://www.jobkorea.co.kr/Recruit/GI_Read/44899450?PageGbn=HH&logpath=1&stext=머신러닝엔지니어&listno=645
벤처기업,https://www.jobkorea.co.kr/Recruit/GI_Read/44899438?PageGbn=HH&logpath=1&stext=머신러닝엔지니어&listno=646
중소기업(300명이하),https://www.jobkorea.co.kr/Recruit/GI_Read/44898259?PageGbn=HH&logpath=1&stext=머신러닝엔지니어&listno=647
대기업,https://www.jobkorea.co.kr/Recruit/GI_Read/44887824?PageGbn=HH&logpath=1&stext=머신러닝엔지니어&listno=648
Global Top Tier 대기업,https://www.jobkorea.co.kr/Recruit/GI_Read/44854748?PageGbn=HH&logpath=1&stext=머신러닝엔지니어&listno=649
Global Top Tier 대기업,https://www.jobkorea.co.kr/Recruit/GI_Read/44854723?PageGbn=HH&logpath=1&stext=머신러닝엔지니어&listno=650
대기업,https://www.jobkorea.co.kr/Recruit/GI_Read/44842557?PageGbn=HH&logpath=1&stext=머신러닝엔지니어&listno=651
대기업,https://www.jobkorea.co.kr/Recruit/GI_Read/44842394?PageGbn=HH&logpath=1&stext=머신러닝엔지니어&listno=652
대기업,https://www.jobkorea.co.kr/Recruit/GI_Read/44842247?PageGbn=HH&logpath=1&stext=머신러닝엔지니어&listno=653
중소기업(300명이하),https://www.jobkorea.co.kr/Recruit/GI_Read/44821619?PageGbn=HH&logpath=1&stext=머신러닝엔지니어&listno=654
대기업 계열사·자회사,https://www.jobkorea.co.kr/Recruit/GI_Read/44807546?PageGbn=HH&logpath=1&stext=머신러닝엔지니어&listno=655
중견기업(300명이상),https://www.jobkorea.co.kr/Recruit/GI_Read/44791447?PageGbn=HH&logpath=1&stext=머신러닝엔지니어&listno=656
외국계 기업,https://www.jobkorea.co.kr/Recruit/GI_Read/44789415?PageGbn=HH&logpath=1&stext=머신러닝엔지니어&listno=657
중견기업(300명이상),https://www.jobkorea.co.kr/Recruit/GI_Read/44789367?PageGbn=HH&logpath=1&stext=머신러닝엔지니어&listno=658
iGaming 글로벌 개발 스튜디오,https://www.jobkorea.co.kr/Recruit/GI_Read/44778941?PageGbn=HH&logpath=1&stext=머신러닝엔지니어&listno=659
중소기업(300명이하),https://www.jobkorea.co.kr/Recruit/GI_Read/45356766?PageGbn=HH&logpath=1&stext=머신러닝엔지니어&listno=660
